CustomerID,purchase_frequency,purchase_value,customer_activity_days
12346.0,1,77183.6,325
12347.0,7,4310.0,1
12348.0,4,1797.24,74
12349.0,1,1757.55,18
12350.0,1,334.40000000000003,309
12352.0,8,2506.04,35
12353.0,1,89.0,203
12354.0,1,1079.4,231
12355.0,1,459.40000000000003,213
12356.0,3,2811.43,22
12357.0,1,6207.67,32
12358.0,2,1168.06,1
12359.0,4,6310.03,57
12360.0,3,2662.06,51
12361.0,1,189.9,286
12362.0,10,5226.2300000000005,2
12363.0,2,552.0,109
12364.0,4,1313.1,7
12365.0,2,641.38,290
12367.0,1,168.9,3
12370.0,4,3541.94,50
12371.0,2,1887.96,44
12372.0,3,1298.04,71
12373.0,1,364.6,310
12374.0,1,742.9300000000001,24
12375.0,2,457.5,10
12377.0,2,1628.1200000000001,314
12378.0,1,4008.62,129
12379.0,2,852.24,81
12380.0,4,2724.81,21
12381.0,5,1845.31,4
12383.0,5,1850.56,184
12384.0,2,585.27,28
12386.0,2,401.9,337
12388.0,6,2780.6600000000003,15
12390.0,1,549.84,79
12391.0,1,439.66,21
12393.0,4,1582.6000000000001,71
12394.0,2,1272.48,63
12395.0,12,3018.63,18
12397.0,2,2409.9,35
12398.0,1,1635.6599999999999,45
12399.0,4,1108.65,118
12401.0,1,84.3,302
12402.0,1,225.60000000000002,322
12403.0,1,427.7,49
12405.0,1,1710.39,148
12406.0,2,3415.3,21
12407.0,5,1708.12,49
12408.0,5,2888.55,32
12409.0,3,11072.67,78
12410.0,2,693.33,308
12412.0,3,1226.88,74
12413.0,3,758.1,66
12414.0,3,562.4100000000001,216
12415.0,21,124914.53,23
12417.0,9,3649.1,2
12418.0,1,668.58,112
12420.0,1,600.39,63
12421.0,4,807.04,15
12422.0,3,803.5600000000001,95
12423.0,8,1859.31,0
12424.0,2,1760.96,162
12425.0,1,777.2,77
12426.0,1,582.73,194
12427.0,3,825.8000000000001,21
12428.0,9,7956.46,25
12429.0,4,3750.4,8
12430.0,1,256.4,42
12431.0,15,6419.95,35
12432.0,5,5059.32,42
12433.0,7,13375.87,0
12434.0,2,806.14,84
12435.0,2,7829.89,79
12436.0,1,509.01,99
12437.0,18,4951.41,1
12438.0,2,2906.85,13
12441.0,1,173.55,366
12442.0,1,172.06,2
12444.0,5,5005.46,20
12445.0,1,133.4,21
12446.0,1,1002.3100000000001,57
12447.0,1,476.49,242
12448.0,1,449.45,43
12449.0,4,4067.29,21
12450.0,2,197.88,155
12451.0,5,9035.52,10
12452.0,2,430.57000000000005,16
12453.0,1,707.09,133
12454.0,1,3528.34,55
12455.0,6,2466.86,72
12456.0,3,3181.04,43
12457.0,7,2363.23,65
12458.0,2,947.4,70
12461.0,2,826.88,93
12462.0,2,1189.59,18
12463.0,4,1344.78,52
12464.0,8,1212.05,9
12465.0,2,742.19,16
12468.0,2,729.54,187
12471.0,30,19788.65,1
12472.0,7,6572.11,31
12473.0,5,3928.05,28
12474.0,18,7324.09,16
12475.0,1,723.38,53
12476.0,11,6816.42,15
12477.0,6,13219.74,22
12478.0,1,680.99,3
12479.0,1,527.2,10
12480.0,4,3281.63,27
12481.0,10,5579.82,22
12483.0,8,2484.98,16
12484.0,6,4527.32,32
12488.0,3,1298.66,9
12489.0,1,334.93,335
12490.0,10,5417.93,4
12491.0,1,460.40000000000003,38
12492.0,2,263.21000000000004,62
12493.0,2,433.74,165
12494.0,7,1246.1,15
12497.0,1,1043.1,81
12498.0,3,403.70000000000005,20
12500.0,11,4257.82,22
12501.0,1,2169.39,336
12502.0,5,3723.87,95
12504.0,2,482.04999999999995,17
12506.0,1,73.5,232
12507.0,3,1304.81,133
12508.0,2,397.88,25
12509.0,1,176.5,283
12510.0,2,982.5699999999999,142
12512.0,2,132.18,65
12513.0,1,612.29,112
12514.0,1,1017.6800000000001,266
12515.0,1,383.7,352
12516.0,2,1312.06,77
12517.0,5,2481.6,27
12518.0,5,2056.89,0
12519.0,1,330.84000000000003,63
12520.0,5,2634.26,78
12521.0,1,599.68,142
12522.0,2,192.72,38
12523.0,11,1789.77,18
12524.0,8,4485.72,8
12526.0,3,1316.66,0
12527.0,3,348.71000000000004,81
12528.0,6,1933.48,8
12530.0,4,1662.28,59
12531.0,1,125.22,14
12532.0,1,349.83000000000004,29
12534.0,1,1089.18,130
12535.0,2,716.35,91
12536.0,3,12601.830000000002,42
12538.0,1,363.95,28
12539.0,4,5568.35,21
12540.0,17,13400.24,19
12541.0,3,981.18,29
12544.0,1,372.7,35
12545.0,2,1000.39,74
12546.0,2,1161.5,46
12547.0,2,207.8,197
12548.0,1,95.19999999999999,165
12550.0,1,964.83,78
12551.0,1,168.0,357
12552.0,2,437.82,38
12553.0,10,3692.28,7
12556.0,2,599.56,49
12557.0,5,11990.960000000001,15
12558.0,1,269.96,7
12559.0,2,561.71,310
12560.0,3,2134.01,4
12561.0,1,238.85,302
12562.0,7,3781.7400000000002,7
12564.0,1,456.90000000000003,260
12565.0,1,145.92000000000002,288
12566.0,1,351.65,85
12567.0,10,9401.28,22
12569.0,32,4124.6900000000005,1
12571.0,2,519.61,39
12572.0,2,1020.4200000000001,8
12573.0,1,160.54000000000002,226
12574.0,1,218.45000000000002,315
12576.0,5,1315.83,35
12577.0,3,626.6,34
12578.0,2,2794.51,20
12579.0,1,440.42,77
12580.0,1,415.7,246
12581.0,1,197.71,39
12582.0,2,511.36,238
12583.0,15,7281.38,2
12584.0,9,2338.15,3
12585.0,2,2040.1,233
12586.0,1,196.94000000000003,16
12587.0,1,144.0,7
12588.0,1,214.89999999999998,38
12589.0,2,646.68,28
12590.0,2,9864.26,210
12591.0,1,452.84999999999997,316
12592.0,2,437.6,91
12593.0,3,418.1,108
12594.0,10,3338.2200000000003,37
12596.0,2,618.27,50
12597.0,4,3811.22,18
12598.0,8,3023.08,9
12599.0,7,1032.58,28
12600.0,10,2599.04,28
12601.0,5,577.0600000000001,189
12602.0,1,153.12,58
12603.0,1,739.1999999999999,21
12604.0,2,254.18,78
12607.0,1,1579.51,59
12609.0,3,1126.85,77
12610.0,5,2099.54,22
12611.0,1,1193.32,51
12612.0,1,704.04,73
12613.0,5,3344.38,56
12614.0,1,315.6,277
12615.0,4,2291.19,1
12616.0,2,713.3,94
12617.0,1,352.98,28
12618.0,1,177.31,21
12619.0,9,3641.24,15
12620.0,3,1339.41,14
12621.0,20,13689.67,1
12622.0,1,180.1,231
12623.0,1,305.1,275
12624.0,2,641.13,105
12625.0,2,2683.82,211
12626.0,9,6620.4800000000005,22
12627.0,7,4478.53,10
12628.0,3,786.46,3
12630.0,2,1270.88,9
12631.0,1,640.5,56
12633.0,4,2163.98,58
12635.0,2,1689.18,89
12637.0,8,6002.9,66
12638.0,1,671.69,32
12639.0,1,486.1,238
12640.0,3,1174.58,23
12641.0,1,185.9,114
12642.0,3,1013.26,24
12643.0,6,3344.64,127
12644.0,1,477.90999999999997,129
12645.0,4,1775.18,33
12646.0,2,1346.97,4
12647.0,12,3722.82,21
12648.0,1,318.05,154
12649.0,3,623.51,106
12650.0,1,314.44,2
12651.0,1,114.0,334
12652.0,1,919.98,330
12653.0,2,2209.85,148
12654.0,5,601.98,10
12656.0,5,4051.17,16
12657.0,4,1643.18,10
12658.0,1,686.05,18
12659.0,1,91.68,29
12660.0,1,245.10000000000002,10
12662.0,11,3849.78,0
12664.0,9,4881.88,7
12665.0,1,63.0,324
12667.0,1,620.13,57
12668.0,4,3807.15,11
12669.0,3,2744.0299999999997,150
12670.0,5,2996.05,9
12672.0,1,225.9,329
12673.0,2,610.52,4
12674.0,4,1970.6,38
12676.0,6,1331.39,24
12678.0,12,17628.46,41
12679.0,4,1113.02,58
12680.0,4,862.81,0
12681.0,22,13787.54,14
12682.0,31,12279.82,3
12683.0,15,8476.57,3
12684.0,7,2283.63,7
12685.0,6,2863.08,27
12686.0,1,89.14,371
12688.0,1,4873.81,113
12689.0,2,1247.6100000000001,25
12690.0,1,389.01,205
12691.0,6,1035.8,27
12693.0,4,855.91,126
12694.0,2,869.67,69
12695.0,4,582.1,6
12697.0,3,957.59,28
12700.0,4,4939.99,7
12701.0,2,797.71,79
12702.0,1,219.0,19
12703.0,1,283.55,70
12704.0,8,2340.84,6
12705.0,9,6868.29,14
12707.0,1,603.42,291
12708.0,10,2712.91,29
12709.0,15,9706.52,14
12710.0,3,1149.02,96
12712.0,13,4396.13,28
12713.0,1,848.55,0
12714.0,5,4708.86,8
12715.0,1,343.36,105
12716.0,2,1053.49,3
12717.0,2,1030.98,150
12718.0,1,238.25,70
12719.0,2,644.95,4
12720.0,25,5781.7300000000005,2
12721.0,6,2656.13,31
12722.0,4,997.63,84
12723.0,5,725.07,3
12724.0,4,1031.41,4
12725.0,1,427.8,370
12726.0,7,2609.1,27
12727.0,7,3980.7000000000003,10
12728.0,4,836.33,70
12729.0,1,453.01,113
12731.0,12,18895.91,23
12732.0,1,236.26000000000002,179
12733.0,1,383.95,233
12734.0,1,110.39999999999999,352
12735.0,2,779.5699999999999,314
12736.0,1,234.0,332
12738.0,1,155.35,371
12739.0,2,1013.04,77
12740.0,1,427.6,63
12743.0,2,540.13,133
12744.0,7,21279.29,51
12747.0,11,4196.01,1
12748.0,209,33053.19,0
12749.0,5,4090.88,3
12750.0,1,275.88,128
12752.0,1,4366.78,80
12753.0,6,21429.39,22
12754.0,3,3010.74,235
12755.0,2,3811.9500000000003,280
12756.0,1,112.08,86
12757.0,13,7834.650000000001,15
12758.0,2,2791.59,116
12759.0,3,1531.44,51
12762.0,2,1898.52,7
12763.0,2,494.08,137
12764.0,1,1693.88,316
12766.0,7,6989.63,3
12769.0,1,1143.6,238
12770.0,1,1351.45,210
12772.0,1,892.47,59
12775.0,5,1386.04,16
12778.0,6,822.23,19
12779.0,8,3981.36,37
12781.0,2,826.74,63
12782.0,5,2330.92,4
12783.0,6,2225.91,1
12784.0,2,532.82,8
12785.0,1,311.95,363
12787.0,3,463.66,9
12789.0,1,91.85,64
12790.0,1,324.92,191
12791.0,1,192.60000000000002,373
12792.0,1,400.54,256
12793.0,2,545.48,334
12794.0,2,860.41,52
12795.0,1,430.48,18
12797.0,1,254.03,365
12798.0,3,6977.04,9
12802.0,1,427.58,186
12808.0,3,483.65000000000003,36
12809.0,1,489.31,177
12811.0,3,514.85,260
12812.0,1,229.64000000000001,44
12814.0,1,125.92,101
12815.0,2,1063.46,147
12816.0,2,572.2,95
12817.0,1,166.04000000000002,280
12818.0,1,1542.08,261
12820.0,4,942.34,2
12821.0,1,92.72,213
12822.0,2,948.88,70
12823.0,5,1759.5,74
12824.0,1,397.12,59
12826.0,7,1474.72,2
12827.0,3,430.15,5
12828.0,6,1018.71,2
12829.0,2,293.0,336
12830.0,6,6814.64,37
12831.0,1,215.05,261
12832.0,2,383.03000000000003,31
12833.0,1,417.38,144
12834.0,1,312.38,282
12836.0,4,2610.36,58
12837.0,1,134.1,172
12838.0,2,671.95,33
12839.0,14,5591.42,2
12840.0,4,2726.77,143
12841.0,25,3991.58,4
12842.0,2,1118.99,69
12843.0,8,1702.26,65
12844.0,2,325.96000000000004,28
12845.0,4,354.09000000000003,266
12847.0,1,843.64,21
12849.0,2,1010.29,30
12851.0,1,131.81,96
12852.0,1,311.55,294
12853.0,6,1957.1000000000001,134
12854.0,3,1316.25,78
12855.0,1,38.1,372
12856.0,6,2170.78,7
12857.0,2,1106.4,210
12863.0,1,521.2,51
12864.0,1,147.12,137
12865.0,2,1568.23,25
12866.0,1,559.12,282
12867.0,7,4009.34,25
12868.0,6,1607.0600000000002,185
12871.0,2,380.64,83
12872.0,2,599.97,326
12873.0,1,374.0,281
12875.0,2,343.2300000000001,142
12876.0,2,2218.02,57
12877.0,12,1535.77,3
12878.0,2,854.99,235
12879.0,3,573.22,44
12881.0,1,298.0,275
12882.0,2,1463.04,8
12883.0,4,703.47,24
12884.0,1,309.05,87
12885.0,3,1175.22,62
12886.0,2,1378.4,67
12888.0,2,354.12,213
12890.0,1,376.71999999999997,23
12891.0,3,331.0,185
12893.0,1,176.55,30
12895.0,2,372.8,41
12897.0,2,216.5,204
12901.0,28,17654.54,8
12902.0,1,138.68,264
12904.0,2,496.06,17
12906.0,5,2919.81,11
12908.0,2,750.0,175
12909.0,5,2178.67,39
12910.0,8,3075.04,22
12912.0,5,1662.3,2
12913.0,5,2483.63,4
12915.0,2,363.65,148
12916.0,4,2944.95,138
12917.0,1,594.0,127
12919.0,6,1335.19,7
12920.0,1,162.78,16
12921.0,37,16587.09,8
12922.0,1,405.38,160
12923.0,1,172.82,63
12924.0,4,933.7,87
12925.0,2,694.05,4
12928.0,5,2062.7,34
12929.0,1,117.85,311
12930.0,2,415.8,77
12931.0,15,42055.96,21
12933.0,3,607.53,23
12935.0,7,2160.7,1
12936.0,4,1063.9,16
12937.0,4,1504.27,14
12938.0,1,114.14,25
12939.0,8,11581.8,63
12940.0,2,899.69,54
12942.0,3,675.6,130
12944.0,2,604.51,35
12945.0,1,462.95,287
12947.0,6,1603.99,143
12948.0,7,2064.95,15
12949.0,8,4167.22,30
12950.0,3,1843.0,1
12951.0,6,1064.07,8
12952.0,4,1387.79,5
12953.0,1,329.85,9
12955.0,11,4757.16,0
12956.0,1,108.07,305
12957.0,8,4017.54,9
12962.0,2,266.39,6
12963.0,8,1856.63,7
12965.0,1,769.8100000000001,88
12966.0,1,160.18,9
12967.0,2,1660.9,357
12968.0,1,135.95,111
12970.0,4,405.47,6
12971.0,86,11189.91,3
12974.0,1,144.8,197
12976.0,1,738.6,211
12977.0,1,39.239999999999995,155
12980.0,9,7374.900000000001,157
12981.0,2,372.21999999999997,29
12982.0,1,390.54,242
12984.0,1,97.5,18
12985.0,2,1239.38,0
12987.0,2,558.7,73
12988.0,1,505.82,291
12989.0,15,6924.11,2
12990.0,3,409.5,30
12991.0,2,503.76,22
12993.0,4,414.76,22
12994.0,3,974.42,3
12995.0,1,211.32,84
12997.0,4,1226.89,21
12999.0,3,455.88,195
13000.0,3,534.85,106
13001.0,13,9785.970000000001,3
13002.0,1,120.95,317
13003.0,3,149.05,105
13004.0,18,5655.91,11
13005.0,2,513.7,173
13006.0,1,81.57,55
13008.0,1,229.47,322
13011.0,1,50.550000000000004,371
13012.0,8,1646.8400000000001,8
13013.0,13,4810.9400000000005,0
13014.0,10,3466.28,10
13015.0,5,3339.64,52
13016.0,3,789.89,72
13017.0,1,204.0,6
13018.0,28,7277.7,15
13021.0,9,2616.38,3
13023.0,2,689.9,63
13026.0,5,975.36,0
13027.0,6,6912.0,113
13028.0,2,661.3199999999999,22
13029.0,3,1247.5,30
13030.0,2,752.44,10
13032.0,2,1010.1800000000001,51
13033.0,1,190.55,356
13034.0,2,642.77,54
13035.0,2,921.88,73
13037.0,3,881.07,137
13038.0,3,908.46,79
13040.0,2,676.99,8
13043.0,1,516.42,272
13044.0,1,560.47,290
13045.0,1,305.28000000000003,98
13046.0,2,629.31,30
13047.0,10,3237.54,31
13048.0,4,1819.41,13
13049.0,2,656.6800000000001,63
13050.0,17,5836.86,14
13052.0,1,348.15000000000003,211
13055.0,3,1214.41,77
13058.0,3,271.40000000000003,24
13059.0,1,183.4,249
13060.0,1,307.53000000000003,253
13061.0,1,248.61,71
13062.0,1,346.98,190
13064.0,4,1105.59,12
13065.0,1,205.86,372
13066.0,2,470.8,23
13067.0,1,115.46000000000001,81
13068.0,2,344.0,9
13069.0,24,4431.44,0
13070.0,1,228.8,191
13072.0,1,177.15,266
13075.0,1,919.61,129
13077.0,4,728.02,0
13078.0,26,12627.94,2
13079.0,5,220.10000000000002,3
13080.0,1,58.08,178
13081.0,11,28337.38,11
13082.0,9,3613.63,125
13083.0,2,303.75,3
13085.0,2,416.08,157
13089.0,97,58762.08,2
13090.0,14,8910.82,8
13091.0,1,345.82,27
13092.0,5,477.83,70
13093.0,8,7832.47,275
13094.0,12,1927.3200000000002,20
13095.0,1,74.39999999999999,70
13097.0,10,6003.22,32
13098.0,28,28882.44,0
13099.0,1,207.36,98
13101.0,1,101.19,233
13102.0,24,6424.09,0
13103.0,1,243.94,39
13104.0,6,1098.48,2
13106.0,1,76.5,132
13107.0,4,1531.6200000000001,43
13108.0,1,350.06,372
13109.0,2,786.54,59
13110.0,7,1488.67,30
13113.0,24,12245.960000000001,0
13115.0,4,2294.78,11
13116.0,1,501.14,137
13117.0,8,984.91,21
13118.0,5,1197.81,19
13120.0,1,30.6,238
13121.0,1,283.73,268
13122.0,2,922.39,93
13124.0,3,3756.33,89
13126.0,8,2099.64,4
13127.0,1,259.17,77
13130.0,1,64.0,93
13131.0,3,1073.3,22
13132.0,1,77.3,261
13133.0,2,109.8,273
13134.0,4,1793.58,85
13135.0,1,3096.0,196
13136.0,5,2607.61,55
13137.0,8,3603.29,10
13138.0,6,962.39,21
13139.0,7,5064.9400000000005,15
13140.0,3,422.47,107
13141.0,5,2388.75,84
13142.0,1,307.09000000000003,18
13144.0,1,110.95,332
13145.0,4,618.52,39
13146.0,1,228.91,25
13147.0,4,712.8,9
13148.0,12,3683.26,28
13149.0,4,1676.06,13
13151.0,1,1257.8700000000001,295
13153.0,1,486.22,5
13155.0,4,971.76,32
13157.0,4,1741.22,48
13158.0,4,1201.06,94
13159.0,4,1429.35,8
13160.0,1,91.8,21
13161.0,1,112.75,312
13162.0,4,1688.29,121
13165.0,2,1021.48,45
13166.0,1,417.2,282
13167.0,4,791.33,18
13168.0,4,1299.59,35
13169.0,2,712.88,63
13170.0,1,108.81,26
13171.0,3,468.41,21
13173.0,2,353.65000000000003,3
13174.0,3,2742.82,15
13176.0,1,481.49,45
13177.0,1,282.45,64
13178.0,11,5725.47,25
13182.0,1,121.18,44
13183.0,9,3957.78,7
13184.0,10,1668.95,14
13185.0,1,71.4,267
13186.0,3,1575.89,39
13187.0,1,236.02,336
13188.0,1,114.6,10
13189.0,2,260.68,18
13192.0,2,911.94,94
13193.0,1,112.08,60
13194.0,1,60.7,135
13196.0,4,1797.78,10
13198.0,6,3401.2400000000002,9
13199.0,38,9817.12,3
13200.0,4,870.09,18
13203.0,4,869.46,9
13207.0,2,250.26000000000002,14
13208.0,6,1217.65,58
13209.0,8,5891.61,29
13210.0,1,353.48,93
13211.0,3,1095.42,9
13212.0,3,786.83,19
13213.0,5,1520.58,56
13216.0,1,333.74,267
13217.0,3,533.98,121
13218.0,1,62.64,126
13220.0,4,819.2900000000001,77
13221.0,2,847.41,239
13223.0,2,163.2,199
13224.0,2,2155.95,59
13225.0,7,6463.84,2
13226.0,1,108.21000000000001,272
13227.0,1,257.7,201
13228.0,1,358.0,80
13229.0,1,160.95,225
13230.0,14,2755.63,3
13232.0,7,1328.35,12
13233.0,2,605.12,73
13235.0,1,1031.07,211
13236.0,2,744.85,24
13238.0,4,700.73,16
13239.0,1,329.56,261
13240.0,4,663.65,95
13242.0,3,270.40000000000003,111
13243.0,1,585.12,202
13244.0,1,121.74000000000001,92
13245.0,1,430.5,50
13246.0,6,1961.52,17
13247.0,4,501.12,17
13248.0,2,465.68,124
13249.0,3,711.41,91
13253.0,2,1030.4,156
13255.0,2,399.51,8
13258.0,3,672.83,11
13259.0,1,283.18,61
13260.0,1,557.62,60
13261.0,2,944.1,268
13262.0,1,200.29,262
13263.0,35,7436.93,0
13265.0,5,2092.66,52
13266.0,12,3834.2599999999998,10
13267.0,19,4521.49,2
13268.0,11,3174.75,17
13269.0,15,5343.28,0
13270.0,1,590.0,365
13271.0,1,211.49,36
13272.0,2,276.56,30
13273.0,1,138.98,112
13276.0,2,590.9300000000001,63
13277.0,4,258.4,15
13278.0,1,542.73,40
13279.0,1,137.75,77
13280.0,3,798.46,121
13282.0,3,1132.14,17
13283.0,2,93.66,59
13284.0,1,201.19,330
13285.0,4,2709.12,22
13291.0,1,361.11,155
13292.0,2,578.94,38
13294.0,2,873.74,189
13295.0,1,201.20000000000002,359
13296.0,1,87.4,136
13297.0,4,2089.85,7
13298.0,1,360.0,0
13299.0,1,142.5,267
13300.0,1,371.89,168
13301.0,4,618.09,103
13302.0,1,63.75,154
13304.0,1,300.42,350
13305.0,10,2000.86,3
13307.0,1,15.0,119
13308.0,3,1385.51,22
13309.0,5,1456.79,6
13310.0,3,1132.03,27
13311.0,2,598.57,3
13313.0,5,1555.3200000000002,21
13314.0,3,775.94,1
13316.0,4,5732.93,36
13317.0,6,2273.68,65
13318.0,3,640.76,0
13319.0,26,10845.550000000001,4
13320.0,4,1532.2,77
13321.0,2,567.36,71
13322.0,1,199.48000000000002,16
13323.0,5,787.85,2
13324.0,10,7121.95,35
13325.0,1,675.3,81
13327.0,8,3627.77,38
13328.0,1,1308.48,315
13329.0,2,789.0,31
13330.0,3,1140.93,92
13332.0,1,350.90000000000003,13
13334.0,3,3502.32,81
13336.0,1,795.12,76
13338.0,1,487.02,157
13339.0,1,860.12,200
13340.0,7,10736.48,44
13341.0,1,775.85,260
13343.0,1,353.43,177
13344.0,3,2511.69,67
13345.0,1,389.5,287
13347.0,1,341.36,69
13348.0,1,233.76000000000002,63
13349.0,1,247.32,10
13350.0,2,979.12,15
13351.0,1,373.94,65
13352.0,1,397.98,59
13354.0,1,743.53,70
13355.0,1,674.7,121
13356.0,1,768.24,79
13357.0,1,609.4,256
13358.0,1,439.03000000000003,268
13359.0,1,439.56,63
13362.0,4,3090.7400000000002,8
13363.0,2,992.5,17
13364.0,1,134.96,70
13365.0,2,2225.37,33
13366.0,1,56.16,49
13368.0,2,623.4,256
13369.0,1,308.28000000000003,365
13370.0,1,754.87,371
13372.0,1,378.64,89
13373.0,3,3312.25,60
13375.0,1,778.65,88
13376.0,3,1019.76,98
13379.0,3,572.56,25
13381.0,6,3639.31,31
13382.0,1,222.99,280
13384.0,7,4151.93,30
13385.0,1,534.57,329
13388.0,2,677.1,130
13389.0,3,797.96,10
13390.0,1,544.08,74
13391.0,1,59.8,203
13394.0,8,2520.02,1
13395.0,1,307.72,184
13396.0,2,1360.99,28
13397.0,5,1544.13,72
13398.0,1,457.34000000000003,191
13402.0,2,621.23,126
13403.0,1,75.0,17
13404.0,2,252.49,0
13405.0,3,572.451,73
13408.0,62,28117.04,1
13410.0,5,1003.06,23
13411.0,1,213.55,106
13414.0,3,1390.5,133
13416.0,2,712.5,43
13417.0,2,640.83,4
13418.0,18,6127.43,11
13419.0,1,221.06,63
13420.0,2,159.85,149
13421.0,2,1833.71,39
13422.0,1,2626.3,63
13425.0,3,1624.21,107
13426.0,10,3641.32,0
13427.0,3,582.6,18
13428.0,1,201.78,9
13429.0,4,1006.8,10
13430.0,2,679.45,18
13431.0,2,1269.1,66
13434.0,2,534.24,73
13435.0,7,3809.89,4
13436.0,1,196.89,1
13437.0,7,3408.06,13
13439.0,1,283.71,254
13441.0,1,296.64,91
13447.0,3,1129.14,22
13448.0,6,3534.69,16
13449.0,1,291.88,23
13450.0,6,2043.72,26
13451.0,5,2898.2599999999998,25
13452.0,2,590.0,258
13453.0,2,356.98,165
13455.0,2,1058.34,24
13456.0,6,1766.72,17
13458.0,14,9646.57,6
13460.0,2,183.44,28
13461.0,3,1445.0,38
13462.0,1,151.5,252
13464.0,1,674.68,57
13466.0,1,307.90000000000003,183
13467.0,2,1071.91,10
13468.0,37,5704.97,1
13470.0,2,165.0,98
13471.0,4,2501.84,0
13473.0,2,422.64,60
13474.0,1,226.84,235
13475.0,4,1431.78,190
13476.0,2,1238.47,178
13477.0,6,1454.58,37
13479.0,2,300.95,200
13481.0,5,1804.56,45
13482.0,1,184.64000000000001,231
13483.0,1,140.34,65
13484.0,1,313.8,240
13485.0,1,454.24,232
13486.0,3,1122.41,77
13487.0,3,575.4,57
13488.0,13,8968.31,16
13489.0,4,449.52,104
13491.0,10,1215.82,51
13492.0,3,1269.84,135
13493.0,2,618.63,274
13494.0,1,316.26000000000005,311
13495.0,5,2044.8700000000001,7
13496.0,2,653.33,10
13497.0,2,348.05,282
13499.0,5,1159.1100000000001,17
13500.0,3,1166.77,22
13501.0,1,1340.32,287
13502.0,3,292.0,16
13503.0,1,216.85,70
13504.0,1,295.93,63
13505.0,4,4393.63,72
13506.0,2,458.52,315
13507.0,4,2479.16,2
13508.0,1,110.97,243
13509.0,7,979.72,8
13510.0,4,1791.56,0
13512.0,1,251.21,260
13513.0,1,205.1,126
13514.0,1,152.20000000000002,73
13515.0,4,891.12,72
13516.0,3,1389.41,20
13517.0,3,2128.42,59
13518.0,1,627.16,85
13519.0,1,122.75,77
13520.0,6,3624.35,58
13521.0,3,1071.73,0
13522.0,1,125.80000000000001,29
13523.0,5,3964.88,32
13524.0,5,680.1800000000001,40
13525.0,2,628.78,14
13527.0,7,2242.36,33
13529.0,2,307.76,78
13531.0,2,483.8,204
13532.0,1,210.31,33
13533.0,3,269.09,182
13534.0,25,5870.08,1
13536.0,7,3444.39,0
13538.0,7,1280.85,42
13539.0,3,631.34,85
13544.0,2,276.06,39
13546.0,3,621.09,11
13548.0,2,678.16,95
13549.0,7,918.2,25
13551.0,1,91.80000000000001,318
13552.0,12,3740.07,65
13555.0,4,4098.88,73
13557.0,2,584.0600000000001,27
13558.0,4,594.52,5
13560.0,1,171.42000000000002,6
13561.0,1,141.85999999999999,215
13562.0,3,1799.3300000000002,81
13563.0,2,777.53,83
13564.0,3,1724.67,143
13565.0,2,240.22,18
13566.0,2,856.84,40
13568.0,1,187.05,172
13569.0,2,338.62,16
13570.0,1,239.49,242
13571.0,12,2088.94,12
13572.0,1,1384.25,205
13573.0,2,290.25,49
13575.0,5,732.07,22
13576.0,18,6717.34,9
13577.0,4,1687.6000000000001,24
13579.0,2,467.04,14
13581.0,1,118.0,308
13583.0,1,781.03,155
13584.0,1,142.4,306
13587.0,1,712.4,63
13588.0,9,2478.95,15
13589.0,2,379.65,14
13590.0,6,1981.92,10
13591.0,3,1117.13,64
13592.0,4,247.95999999999998,35
13593.0,5,2011.88,107
13594.0,1,396.97,52
13596.0,2,664.11,5
13598.0,1,160.04,46
13599.0,21,5149.92,0
13600.0,1,219.52,311
13601.0,2,693.32,44
13602.0,1,428.89,64
13603.0,1,164.34,25
13606.0,3,276.75,28
13607.0,1,675.51,39
13610.0,7,1082.33,11
13611.0,3,1154.4,88
13614.0,4,1585.46,23
13615.0,1,417.69,318
13617.0,3,544.18,39
13618.0,1,177.34,173
13621.0,1,213.85,116
13623.0,5,727.74,30
13626.0,1,257.23,252
13627.0,5,1638.47,58
13629.0,11,7792.36,22
13630.0,7,2031.78,4
13631.0,11,3070.42,99
13632.0,5,2118.93,24
13634.0,5,1547.3600000000001,32
13635.0,1,1071.03,67
13636.0,5,949.12,36
13637.0,3,804.3,51
13638.0,1,122.64,15
13639.0,1,1033.34,73
13642.0,1,312.28,215
13643.0,3,519.44,30
13644.0,4,2624.26,15
13645.0,1,252.1,119
13647.0,4,1648.1200000000001,9
13649.0,2,346.6,256
13650.0,6,1836.3400000000001,16
13651.0,2,94.2,34
13652.0,3,1095.08,45
13654.0,6,2707.33,42
13655.0,2,932.97,113
13656.0,2,379.65,164
13657.0,2,382.14,10
13658.0,5,2639.17,9
13659.0,2,1563.0,205
13662.0,3,881.26,85
13663.0,1,189.47,178
13666.0,3,84.65,59
13667.0,1,299.05,148
13668.0,21,6309.83,2
13669.0,2,218.55,50
13670.0,1,349.7,74
13672.0,2,186.39000000000001,300
13673.0,2,387.44,18
13675.0,2,486.82000000000005,150
13678.0,1,232.6,151
13680.0,4,3719.12,0
13681.0,4,827.83,17
13682.0,1,59.5,186
13684.0,1,65.13,285
13685.0,7,3119.44,2
13686.0,1,72.0,182
13689.0,1,910.0,62
13690.0,1,172.25,58
13692.0,3,1488.32,24
13694.0,50,65039.62,3
13695.0,15,2504.13,30
13697.0,1,151.3,38
13699.0,1,308.58000000000004,154
13700.0,10,2248.63,25
13703.0,1,99.5,317
13704.0,9,2308.06,4
13705.0,3,711.86,7
13706.0,1,330.79,302
13707.0,2,806.41,266
13708.0,1,285.33,270
13709.0,13,6307.650000000001,3
13710.0,1,180.48,31
13711.0,2,252.06,218
13712.0,1,228.84,246
13715.0,5,1077.39,280
13716.0,1,138.28,268
13717.0,6,1445.01,31
13718.0,2,306.55,245
13719.0,5,1041.68,14
13720.0,4,799.9,116
13721.0,1,524.14,35
13722.0,3,2375.41,131
13723.0,1,199.85000000000002,216
13725.0,8,1980.56,49
13726.0,2,1079.66,38
13727.0,2,333.48,28
13728.0,6,1016.14,36
13730.0,2,752.6,135
13731.0,2,610.59,218
13732.0,1,491.86,27
13735.0,4,2883.54,24
13736.0,2,729.8,4
13737.0,1,339.6,199
13739.0,1,216.9,17
13740.0,1,350.75,240
13741.0,3,668.4300000000001,71
13742.0,12,3107.87,16
13743.0,7,1341.6,2
13744.0,2,1080.52,94
13745.0,1,300.04,161
13747.0,1,79.6,373
13748.0,5,948.25,95
13750.0,5,1647.26,53
13751.0,1,296.25,287
13752.0,6,1175.38,123
13753.0,1,741.26,287
13754.0,2,282.6,151
13755.0,9,2108.06,3
13756.0,14,5189.52,1
13758.0,7,3190.55,11
13759.0,2,659.4100000000001,32
13760.0,2,286.79,53
13761.0,2,1070.65,49
13762.0,1,306.72,218
13763.0,1,1714.96,62
13764.0,3,1519.42,70
13767.0,37,17220.36,1
13769.0,10,2796.51,1
13771.0,4,2634.45,63
13772.0,3,1122.63,33
13774.0,1,345.0,81
13777.0,33,25977.16,0
13778.0,1,178.7,102
13780.0,2,360.01,6
13781.0,1,127.84,250
13782.0,6,908.86,12
13784.0,11,2462.79,9
13786.0,1,230.4,366
13787.0,2,309.04,75
13790.0,1,348.79999999999995,3
13791.0,2,1516.0,127
13792.0,2,195.55,65
13798.0,57,37153.85,0
13799.0,2,688.86,116
13800.0,1,558.32,309
13801.0,1,324.8,66
13802.0,3,4599.42,138
13803.0,1,277.07,254
13804.0,7,2588.39,30
13805.0,2,924.5999999999999,51
13806.0,1,256.38,63
13807.0,1,112.6,366
13808.0,5,1747.66,5
13809.0,1,155.05,304
13810.0,3,1499.01,28
13811.0,3,814.5,183
13812.0,3,539.0,41
13813.0,4,1366.8600000000001,39
13814.0,2,1579.12,91
13815.0,4,4027.36,21
13816.0,2,571.6700000000001,23
13817.0,2,382.98,28
13819.0,3,1140.35,301
13821.0,2,385.64,144
13822.0,2,632.0,5
13823.0,2,957.66,18
13824.0,5,1698.94,32
13826.0,1,189.5,175
13827.0,3,409.8,57
13828.0,1,209.49,21
13831.0,6,2198.45,15
13832.0,1,52.2,18
13833.0,1,383.85,158
13835.0,4,834.57,24
13837.0,2,266.59000000000003,211
13838.0,4,674.82,5
13841.0,1,85.0,252
13842.0,9,3385.62,58
13844.0,1,361.62,10
13845.0,1,312.98,64
13846.0,3,865.0600000000001,24
13848.0,3,1255.0,91
13849.0,2,1537.95,51
13850.0,1,1595.48,128
13851.0,3,2651.46,95
13853.0,1,1090.1399999999999,56
13854.0,25,8109.5199999999995,8
13856.0,3,388.5,168
13858.0,1,216.17000000000002,56
13859.0,1,201.16,325
13860.0,5,1245.9,0
13862.0,8,2209.36,17
13863.0,1,305.78,247
13865.0,4,501.56,57
13866.0,1,145.67,73
13867.0,3,1005.09,30
13868.0,2,3192.54,6
13869.0,4,3083.65,122
13870.0,8,2770.94,1
13871.0,13,6403.25,22
13873.0,3,389.6,119
13874.0,1,540.45,357
13875.0,5,1786.79,53
13876.0,1,122.7,63
13877.0,1,117.24,85
13878.0,1,1271.57,54
13880.0,13,3219.77,20
13881.0,20,17159.52,3
13882.0,5,1191.13,2
13883.0,5,2674.48,10
13884.0,5,787.6,6
13885.0,2,506.8,188
13886.0,1,243.56,70
13887.0,1,349.55,203
13888.0,2,595.67,119
13889.0,1,416.90000000000003,92
13890.0,10,1883.81,0
13892.0,4,632.97,26
13893.0,1,821.1,297
13894.0,3,564.62,23
13895.0,4,2593.07,27
13897.0,1,311.16,49
13898.0,1,155.93,325
13899.0,2,388.52,15
13900.0,3,740.95,182
13901.0,5,2867.2000000000003,71
13904.0,2,332.64,36
13908.0,4,2369.55,79
13911.0,9,2580.91,56
13914.0,2,626.45,11
13917.0,2,272.04,49
13918.0,2,1212.8400000000001,49
13919.0,2,384.81,58
13922.0,1,172.25,351
13923.0,1,351.13,53
13924.0,6,1838.8500000000001,1
13925.0,4,678.25,92
13926.0,1,223.85000000000002,22
13927.0,1,348.99,74
13928.0,4,464.57,10
13929.0,2,842.65,168
13930.0,2,337.34,57
13931.0,2,1237.53,95
13932.0,1,307.4,294
13933.0,2,608.79,108
13934.0,1,922.1,263
13936.0,1,376.58,179
13937.0,1,158.85,168
13938.0,1,71.66,34
13939.0,3,568.55,22
13940.0,4,839.14,16
13941.0,5,5112.96,21
13946.0,3,561.57,78
13947.0,1,90.60000000000001,64
13948.0,1,102.0,360
13949.0,6,2427.32,2
13950.0,4,745.0600000000001,10
13951.0,3,674.45,175
13952.0,2,3251.071,217
13953.0,7,3515.68,6
13954.0,2,439.92,1
13955.0,2,322.96,153
13956.0,5,1019.27,4
13959.0,3,594.04,78
13960.0,2,230.22,20
13962.0,2,169.54999999999998,21
13963.0,4,664.54,307
13967.0,1,80.7,145
13969.0,18,9024.17,6
13971.0,8,2758.26,18
13972.0,2,190.25,70
13973.0,1,264.7,286
13974.0,1,413.59000000000003,48
13975.0,6,2461.2400000000002,30
13976.0,1,357.98,206
13978.0,2,196.79,14
13979.0,1,869.87,72
13980.0,1,200.14,59
13982.0,4,1871.81,38
13983.0,12,2603.43,29
13984.0,5,920.51,26
13985.0,15,7060.13,3
13986.0,1,320.46,16
13988.0,6,4147.96,19
13989.0,2,1266.08,65
13990.0,1,311.3,212
13991.0,6,852.88,11
13992.0,1,76.8,29
13993.0,9,3466.36,42
13994.0,6,2274.14,3
13995.0,5,1393.69,14
13999.0,12,3901.81,9
14000.0,1,635.66,210
14001.0,3,2043.0800000000002,45
14002.0,2,529.73,133
14004.0,7,4582.64,42
14005.0,5,2874.72,9
14006.0,3,962.19,115
14009.0,2,695.61,197
14012.0,1,328.8,277
14013.0,3,473.02,109
14014.0,1,505.18,76
14015.0,1,917.34,52
14016.0,4,4341.21,161
14019.0,3,1421.6100000000001,46
14020.0,2,642.8,16
14021.0,3,631.9,154
14022.0,1,440.0,224
14023.0,2,584.07,6
14024.0,2,327.7,121
14027.0,1,104.82,60
14029.0,2,467.66,62
14030.0,8,2358.84,17
14031.0,19,17286.86,6
14032.0,11,2975.59,1
14034.0,3,648.89,21
14035.0,5,1428.02,28
14036.0,1,626.65,284
14037.0,2,147.20000000000002,175
14038.0,3,1560.38,77
14039.0,1,152.2,32
14040.0,12,3560.32,40
14041.0,1,141.41,265
14044.0,4,646.42,26
14045.0,4,1659.75,108
14046.0,1,154.99,283
14047.0,5,1308.6100000000001,8
14048.0,1,409.93,304
14049.0,4,5578.72,16
14050.0,2,746.36,31
14051.0,23,15610.390000000001,0
14052.0,1,225.35999999999999,19
14053.0,2,260.25,123
14054.0,1,92.46000000000001,64
14055.0,1,725.6400000000001,105
14056.0,23,8152.71,0
14057.0,17,6211.66,23
14059.0,1,183.6,266
14060.0,19,6140.42,4
14062.0,12,10464.85,9
14064.0,5,1334.34,28
14066.0,1,152.55,266
14067.0,2,374.7,63
14068.0,1,265.85,319
14071.0,8,1437.57,3
14073.0,1,151.04,31
14075.0,3,942.26,4
14076.0,1,118.67,128
14077.0,5,499.42,40
14078.0,6,1049.37,101
14079.0,1,375.1,124
14080.0,1,45.599999999999994,32
14081.0,2,921.62,301
14082.0,1,182.25,364
14083.0,9,1002.9,3
14085.0,18,4421.29,1
14087.0,1,191.47,2
14088.0,13,50491.81,9
14089.0,1,158.75,56
14090.0,1,76.32000000000001,324
14092.0,14,4076.9100000000003,7
14093.0,1,433.86,11
14096.0,17,65164.79,3
14098.0,1,147.35,36
14099.0,11,3104.17,15
14100.0,1,191.95,137
14101.0,6,5976.79,73
14102.0,5,1105.8799999999999,4
14104.0,2,216.21,154
14105.0,1,1266.23,238
14107.0,7,2703.23,51
14108.0,2,597.91,30
14109.0,1,144.2,72
14110.0,12,5683.15,3
14111.0,4,692.85,13
14112.0,7,2915.15,22
14113.0,4,1840.42,3
14114.0,2,386.53,273
14116.0,5,1382.74,19
14117.0,1,90.0,143
14121.0,4,2780.15,3
14124.0,1,419.58,83
14125.0,3,2720.63,10
14126.0,3,706.1300000000001,7
14127.0,3,709.71,122
14128.0,2,637.5,60
14129.0,5,1123.8600000000001,1
14130.0,1,480.91,318
14132.0,11,3586.03,1
14133.0,3,605.64,129
14135.0,15,4690.31,1
14138.0,2,965.88,1
14139.0,1,415.82,45
14140.0,2,935.05,3
14141.0,4,915.13,2
14142.0,1,311.81,372
14143.0,1,115.8,133
14145.0,4,3742.2,46
14146.0,5,4191.0,8
14147.0,2,483.4,77
14148.0,1,157.2,233
14149.0,1,446.62,220
14150.0,2,658.64,35
14152.0,2,621.29,74
14154.0,2,1345.62,238
14155.0,1,118.75,265
14156.0,55,117210.08,9
14157.0,2,424.89000000000004,19
14158.0,1,507.65999999999997,39
14159.0,11,4630.35,19
14161.0,3,1097.6200000000001,215
14162.0,2,289.36,173
14163.0,4,2445.91,86
14164.0,2,1631.77,70
14165.0,1,120.44,275
14167.0,4,562.59,38
14171.0,1,363.79,97
14173.0,4,450.84,10
14174.0,1,134.46,32
14175.0,3,3222.3,59
14176.0,4,576.9000000000001,296
14177.0,4,549.46,85
14178.0,7,1600.26,8
14179.0,2,701.57,40
14180.0,25,4748.52,10
14184.0,1,452.89,66
14185.0,1,197.65,330
14188.0,6,2054.36,30
14189.0,15,4654.08,1
14191.0,13,4684.76,1
14193.0,2,853.39,67
14194.0,21,11349.52,4
14195.0,2,1012.0,201
14196.0,1,335.52,106
14198.0,4,701.4,17
14199.0,1,185.39999999999998,217
14201.0,7,747.44,59
14204.0,1,150.61,1
14205.0,2,466.7,16
14206.0,1,328.15999999999997,238
14208.0,1,151.74,94
14209.0,6,2073.43,10
14210.0,6,1905.8400000000001,105
14211.0,9,2241.1,52
14212.0,1,1070.48,89
14214.0,5,1004.38,30
14215.0,6,1789.72,11
14216.0,4,1839.3,2
14217.0,17,2004.98,1
14218.0,1,169.48000000000002,42
14219.0,1,89.94,3
14220.0,2,632.4000000000001,246
14221.0,9,3432.8,41
14222.0,1,683.17,176
14223.0,3,991.13,91
14224.0,4,1009.73,109
14226.0,5,2214.79,28
14227.0,10,3350.96,25
14229.0,3,1547.2,51
14231.0,3,925.71,183
14232.0,5,2048.07,42
14233.0,4,1462.72,48
14234.0,4,754.12,21
14235.0,5,3144.86,74
14236.0,2,490.86,80
14237.0,1,161.0,372
14238.0,1,146.85,325
14239.0,11,2380.85,42
14240.0,2,890.34,29
14241.0,1,213.70000000000002,183
14242.0,2,280.55,234
14243.0,10,2588.77,8
14245.0,2,1693.45,219
14246.0,3,1474.06,110
14247.0,1,136.77,277
14248.0,1,302.58,317
14250.0,3,1904.05,6
14251.0,5,2879.7000000000003,1
14256.0,2,969.0600000000001,259
14257.0,5,3099.7200000000003,63
14258.0,9,12669.98,8
14259.0,1,120.0,141
14261.0,2,1163.45,50
14262.0,8,2618.23,7
14264.0,2,333.97,154
14265.0,2,530.18,108
14267.0,3,1516.24,162
14270.0,1,492.65000000000003,331
14271.0,1,112.32000000000001,225
14272.0,2,437.96,73
14273.0,4,559.97,50
14276.0,3,1119.74,98
14277.0,3,4188.0,14
14280.0,1,134.04,196
14282.0,15,3701.44,2
14284.0,2,595.25,30
14285.0,4,1910.01,20
14286.0,3,4628.75,23
14287.0,3,176.63,7
14288.0,1,426.6,212
14289.0,6,911.26,8
14290.0,5,2314.65,10
14291.0,11,3883.25,1
14292.0,9,4871.93,7
14293.0,4,1046.56,2
14295.0,1,166.20000000000002,39
14297.0,4,1305.33,17
14298.0,44,51527.3,7
14299.0,9,3965.62,7
14300.0,1,43.2,18
14301.0,1,640.14,116
14304.0,1,383.45,222
14305.0,3,1858.96,70
14306.0,2,2093.32,50
14307.0,6,2995.7200000000003,88
14309.0,9,2352.53,7
14311.0,1,310.26,242
14312.0,6,1611.5900000000001,46
14314.0,1,120.0,106
14315.0,6,2481.13,44
14317.0,1,508.58,64
14320.0,2,477.79,206
14321.0,5,1530.75,10
14323.0,2,605.0600000000001,114
14326.0,1,183.85,241
14327.0,1,311.65000000000003,162
14329.0,7,4975.24,16
14331.0,2,462.66,123
14332.0,3,840.21,22
14333.0,1,415.2,67
14334.0,8,2552.21,16
14335.0,2,454.86,15
14336.0,4,1614.91,16
14338.0,2,588.22,160
14339.0,1,309.52000000000004,242
14340.0,1,134.7,218
14341.0,8,2166.98,44
14342.0,4,668.5600000000001,20
14344.0,8,889.9300000000001,126
14345.0,1,108.98,38
14346.0,2,1021.58,120
14348.0,1,409.57,259
14349.0,1,133.5,9
14350.0,1,282.93,273
14351.0,1,51.0,164
14352.0,4,1078.96,156
14353.0,1,90.6,214
14354.0,2,163.62,5
14355.0,1,174.4,365
14356.0,2,701.23,79
14357.0,1,225.12,42
14359.0,3,912.1800000000001,18
14360.0,4,2118.03,31
14362.0,1,151.5,21
14364.0,8,3717.35,108
14367.0,16,9227.82,7
14368.0,1,155.0,319
14371.0,1,100.5,294
14373.0,1,76.55,357
14375.0,1,235.56,184
14377.0,2,617.05,190
14379.0,2,348.1,43
14381.0,1,202.68,51
14382.0,1,615.49,25
14383.0,3,1247.69,37
14385.0,3,202.10999999999999,8
14386.0,1,142.4,296
14387.0,3,1727.6,32
14388.0,8,3212.84,9
14389.0,2,1043.46,64
14390.0,9,4642.57,9
14393.0,1,67.95,217
14395.0,9,3479.91,1
14396.0,2,487.99,64
14397.0,19,2612.96,2
14400.0,1,574.7,148
14401.0,13,4051.48,3
14403.0,4,1475.81,129
14404.0,6,1449.32,33
14406.0,1,156.75,118
14407.0,6,2157.73,106
14408.0,7,2599.03,10
14409.0,6,2059.4500000000003,70
14410.0,9,1100.27,91
14411.0,1,1063.0,310
14412.0,2,770.03,42
14413.0,1,121.05,361
14414.0,7,1496.98,91
14415.0,13,5855.57,0
14416.0,2,490.22,21
14418.0,3,1937.25,3
14419.0,6,1051.79,10
14420.0,1,387.52,98
14421.0,2,813.11,56
14422.0,6,4263.64,0
14423.0,1,265.2,217
14424.0,1,322.08,17
14426.0,10,4481.67,23
14427.0,2,363.34000000000003,49
14428.0,5,1224.06,6
14431.0,1,470.36,302
14432.0,6,2248.5,9
14434.0,6,1372.8,21
14436.0,1,89.06,98
14437.0,1,63.0,365
14438.0,1,131.9,305
14439.0,1,2661.24,319
14440.0,5,2357.68,7
14441.0,4,1712.89,0
14442.0,2,1589.82,204
14443.0,4,1420.2,53
14446.0,4,1010.35,0
14447.0,5,1163.23,18
14448.0,2,375.35,8
14449.0,4,885.8,18
14450.0,3,483.25,180
14451.0,2,643.9,59
14452.0,2,259.05,10
14453.0,1,119.93,189
14456.0,9,3017.28,4
14457.0,1,113.64,310
14459.0,1,1837.92,154
14460.0,3,434.34,109
14461.0,3,2103.06,147
14462.0,11,1980.57,65
14463.0,3,529.62,97
14465.0,3,1038.44,246
14466.0,7,2272.4,28
14467.0,4,596.26,17
14470.0,2,461.19,11
14472.0,8,1852.67,103
14473.0,2,234.34,73
14474.0,1,547.66,45
14475.0,3,925.85,71
14476.0,1,193.0,256
14477.0,4,1309.6,19
14479.0,2,316.25,253
14480.0,1,279.05,10
14481.0,2,636.51,164
14482.0,6,2022.81,17
14483.0,1,137.1,281
14484.0,1,321.92,49
14485.0,1,162.8,38
14487.0,6,1165.48,26
14488.0,1,1064.28,67
14489.0,1,463.38,206
14491.0,2,340.93,174
14493.0,5,2383.2400000000002,6
14494.0,1,139.56,25
14495.0,2,123.80000000000001,50
14496.0,2,538.8100000000001,311
14497.0,1,475.37,308
14498.0,5,1957.32,42
14499.0,3,808.44,25
14500.0,3,356.85,87
14501.0,2,251.21,183
14502.0,11,2429.83,19
14503.0,6,3543.26,2
14504.0,4,673.26,46
14505.0,8,5859.43,16
14506.0,5,1960.65,16
14507.0,6,1367.88,23
14508.0,2,268.05,21
14511.0,5,1314.81,10
14512.0,2,275.28,187
14513.0,3,455.59000000000003,100
14514.0,3,990.2,60
14515.0,6,2076.89,17
14517.0,2,330.45,32
14518.0,1,174.37,63
14520.0,2,270.6,1
14522.0,4,974.54,23
14523.0,1,241.09,107
14524.0,9,1843.83,31
14525.0,9,4215.9,19
14527.0,55,8507.13,2
14528.0,1,364.21999999999997,36
14529.0,3,578.61,59
14530.0,6,2862.11,25
14532.0,4,932.85,235
14533.0,7,1949.72,24
14534.0,18,4397.3,2
14535.0,3,2854.84,59
14536.0,1,170.95,259
14537.0,1,355.56,57
14538.0,2,388.25,64
14539.0,2,537.48,15
14540.0,3,952.66,9
14541.0,8,1453.35,58
14542.0,1,103.25,185
14543.0,16,3599.73,28
14544.0,2,2004.3,23
14546.0,5,2573.93,4
14547.0,8,3974.75,3
14548.0,2,652.8,150
14549.0,1,289.24,310
14550.0,2,757.37,10
14551.0,2,186.23,17
14552.0,1,164.22,151
14553.0,5,859.27,18
14554.0,4,2279.4900000000002,9
14555.0,2,312.54,56
14557.0,1,788.38,84
14560.0,22,2237.77,6
14561.0,3,1080.76,75
14562.0,18,5006.77,3
14565.0,4,3099.12,95
14566.0,1,1432.0,110
14567.0,2,1530.3600000000001,56
14569.0,1,227.39,0
14570.0,2,218.06,280
14572.0,7,2804.54,2
14573.0,9,1639.82,179
14576.0,1,35.400000000000006,371
14577.0,4,859.71,12
14578.0,1,168.63,2
14581.0,1,138.6,16
14582.0,1,114.11,40
14583.0,5,986.96,5
14584.0,4,1033.06,168
14585.0,1,157.05,49
14586.0,1,237.35999999999999,276
14587.0,9,1580.29,18
14589.0,1,39.75,371
14591.0,4,1320.21,14
14592.0,3,557.94,34
14593.0,3,617.15,21
14594.0,2,363.33,6
14595.0,6,1740.6000000000001,19
14597.0,2,866.24,10
14598.0,1,221.97,43
14600.0,1,393.33000000000004,305
14601.0,1,213.96,10
14603.0,1,660.0,274
14606.0,93,12076.15,0
14607.0,14,16209.5,15
14608.0,4,1785.15,3
14609.0,4,601.56,71
14616.0,3,406.08000000000004,242
14618.0,3,553.44,8
14619.0,1,394.44,245
14620.0,2,412.78000000000003,205
14621.0,5,1788.3600000000001,0
14622.0,1,320.58000000000004,184
14623.0,5,886.7,31
14624.0,2,225.85,56
14625.0,2,899.63,195
14626.0,4,2791.27,23
14628.0,2,671.96,90
14629.0,2,955.26,3
14631.0,3,1006.98,50
14632.0,1,114.56,262
14633.0,1,344.90000000000003,265
14636.0,2,609.85,35
14638.0,1,443.6,50
14639.0,6,2984.4900000000002,51
14640.0,6,2107.38,23
14641.0,1,110.46000000000001,21
14642.0,1,96.12,58
14643.0,2,693.8100000000001,169
14644.0,2,830.76,67
14645.0,2,597.09,156
14646.0,73,280206.02,1
14647.0,1,236.04000000000002,200
14649.0,4,1402.59,4
14651.0,2,653.75,66
14652.0,1,114.18,76
14653.0,7,1926.65,0
14655.0,4,1932.23,7
14656.0,2,291.05,168
14657.0,4,848.22,17
14658.0,2,247.15,4
14659.0,9,2529.93,8
14660.0,2,285.74,86
14661.0,1,107.95,26
14662.0,4,741.37,28
14664.0,2,636.24,19
14665.0,5,1835.7,60
14666.0,1,195.25,23
14667.0,25,9175.04,10
14669.0,3,1259.24,241
14670.0,2,392.86,279
14672.0,2,765.5500000000001,234
14673.0,5,1736.4,2
14675.0,1,596.36,15
14676.0,6,2548.2400000000002,30
14680.0,16,28754.11,24
14681.0,3,498.95,70
14682.0,2,52.0,187
14684.0,5,1201.51,25
14687.0,1,628.38,106
14688.0,21,5579.1,7
14689.0,1,112.80000000000001,208
14690.0,2,355.05,43
14691.0,5,2114.33,30
14692.0,4,591.55,136
14693.0,1,172.9,264
14696.0,7,2078.95,3
14697.0,2,188.61,217
14698.0,5,1217.27,1
14699.0,1,109.13000000000001,213
14700.0,3,2195.1,31
14701.0,9,2526.09,10
14702.0,17,3251.79,0
14703.0,1,318.17,14
14704.0,9,1493.96,10
14705.0,1,179.0,198
14708.0,3,1126.3700000000001,2
14709.0,13,4921.04,14
14710.0,4,599.48,13
14711.0,11,2839.62,9
14712.0,3,917.07,28
14713.0,11,2662.2,8
14714.0,1,160.19,23
14715.0,4,867.38,24
14716.0,2,307.51,42
14719.0,5,1581.84,1
14720.0,3,663.81,5
14722.0,1,180.42,146
14723.0,6,1122.36,9
14725.0,1,655.58,24
14727.0,1,268.58,273
14729.0,1,313.49,373
14730.0,8,1897.57,0
14731.0,3,380.02,46
14732.0,8,2702.4900000000002,7
14733.0,12,9585.91,15
14735.0,32,6065.6900000000005,3
14737.0,3,1164.55,3
14738.0,7,1314.45,42
14739.0,7,3902.28,3
14740.0,3,1448.21,196
14741.0,6,1400.3400000000001,11
14744.0,7,1099.98,15
14745.0,5,1220.26,112
14747.0,1,328.2,248
14748.0,5,1415.75,28
14752.0,1,389.64000000000004,43
14753.0,1,563.15,86
14754.0,2,638.05,44
14755.0,11,5010.28,9
14756.0,1,738.96,14
14757.0,1,420.5,74
14758.0,4,1484.06,144
14759.0,3,1625.97,4
14760.0,1,89.2,296
14761.0,2,255.9,58
14762.0,1,300.52,263
14764.0,1,278.3,46
14765.0,3,254.11,28
14766.0,6,2473.37,7
14768.0,2,192.60000000000002,16
14769.0,8,10416.98,2
14770.0,2,876.4200000000001,231
14772.0,1,139.26,111
14775.0,3,1011.9,57
14776.0,11,2538.2999999999997,50
14778.0,2,730.86,126
14779.0,3,386.15,280
14780.0,2,447.68,54
14782.0,1,200.10000000000002,319
14784.0,2,289.99,25
14785.0,2,77.4,9
14788.0,2,679.44,6
14789.0,1,197.64,28
14790.0,4,745.06,16
14792.0,1,6.2,63
14793.0,1,228.99,20
14794.0,7,1319.91,2
14795.0,1,131.45000000000002,165
14796.0,17,7975.49,0
14798.0,3,173.74,52
14799.0,1,157.7,50
14800.0,12,4331.79,47
14801.0,1,189.34,60
14803.0,3,845.5500000000001,161
14804.0,1,353.27,8
14805.0,4,546.4,14
14806.0,1,193.39000000000001,74
14808.0,8,2718.6,39
14810.0,11,2085.33,40
14813.0,2,152.88,369
14815.0,2,778.5,36
14816.0,1,271.85,196
14817.0,2,1110.34,199
14818.0,3,657.8,73
14819.0,2,272.07,63
14820.0,4,507.29,20
14821.0,1,48.800000000000004,366
14823.0,3,321.43,179
14824.0,4,1127.71,9
14825.0,12,2221.01,3
14828.0,3,2139.76,196
14829.0,4,697.55,28
14830.0,1,188.88,52
14834.0,6,1720.3,17
14836.0,3,102.45,9
14837.0,4,1649.5,89
14840.0,1,62.85,267
14841.0,6,3295.76,52
14842.0,4,2824.69,43
14844.0,4,3189.81,63
14847.0,1,309.40000000000003,148
14849.0,25,7930.54,21
14850.0,1,325.75,311
14851.0,2,511.35,22
14852.0,6,2836.69,57
14853.0,2,475.8,23
14854.0,7,2740.03,77
14855.0,2,645.65,118
14856.0,3,1290.53,35
14857.0,2,1173.1200000000001,59
14859.0,4,1353.74,12
14860.0,1,170.32,18
14861.0,1,125.79,51
14862.0,2,841.2,25
14863.0,1,266.76,28
14865.0,2,52.2,6
14866.0,12,14389.9,10
14867.0,3,710.28,185
14868.0,8,2953.59,2
14869.0,2,721.45,8
14870.0,1,327.25,261
14871.0,4,501.28000000000003,2
14873.0,1,519.68,209
14875.0,2,1465.32,107
14878.0,9,1476.09,12
14880.0,3,690.59,76
14881.0,1,255.4,19
14882.0,2,589.7,26
14883.0,6,761.59,18
14885.0,1,765.3199999999999,131
14886.0,1,364.8,252
14887.0,1,1862.0,78
14888.0,1,369.2,206
14889.0,1,135.9,335
14890.0,1,125.65,253
14891.0,2,554.38,147
14893.0,2,1237.8500000000001,9
14894.0,1,655.75,84
14895.0,20,11138.710000000001,7
14896.0,2,468.77000000000004,204
14897.0,4,1366.38,7
14898.0,6,1269.31,22
14901.0,9,1421.29,10
14902.0,1,332.66,25
14903.0,5,2795.33,20
14904.0,2,1025.44,1
14905.0,2,616.15,157
14907.0,7,3501.1,2
14908.0,1,277.8,73
14910.0,4,434.35,2
14911.0,201,143711.17,0
14912.0,2,867.85,16
14913.0,4,1227.43,35
14915.0,2,307.48,90
14916.0,4,1268.98,70
14918.0,2,1610.15,115
14920.0,2,977.77,212
14921.0,2,1316.07,29
14923.0,1,749.1,50
14924.0,1,310.05,245
14929.0,1,223.88,31
14930.0,3,2362.96,108
14931.0,5,1257.68,4
14932.0,1,363.53,365
14934.0,2,1890.94,81
14935.0,1,1784.71,296
14936.0,8,8137.02,33
14937.0,3,1621.88,56
14944.0,12,5900.25,29
14946.0,1,100.9,13
14947.0,2,290.82,71
14948.0,6,1101.97,22
14950.0,1,371.2,18
14951.0,1,311.69,78
14952.0,11,8099.49,59
14953.0,1,285.67,24
14954.0,1,294.85,11
14957.0,1,58.49,252
14958.0,3,483.73,146
14959.0,4,695.42,63
14960.0,2,221.27,7
14961.0,9,7044.68,10
14962.0,1,126.7,270
14963.0,5,1472.34,9
14964.0,1,206.21,246
14965.0,2,596.09,95
14966.0,1,183.02,14
14967.0,1,463.8,49
14968.0,1,147.59,29
14970.0,4,1592.06,67
14971.0,3,1097.98,34
14972.0,1,114.77,127
14973.0,3,1314.45,106
14974.0,1,89.94,36
14975.0,1,279.94,56
14976.0,7,790.86,56
14978.0,5,1921.3700000000001,71
14981.0,1,102.12,245
14984.0,2,202.37,18
14985.0,2,292.01,197
14987.0,2,326.4,15
14988.0,1,334.54,211
14995.0,2,231.98000000000002,38
14997.0,3,546.1999999999999,45
14998.0,2,414.87,169
15000.0,1,490.52,47
15002.0,4,1641.76,115
15004.0,1,1220.77,146
15005.0,28,6295.37,15
15006.0,1,480.38,50
15007.0,1,156.91,158
15009.0,3,1259.43,11
15010.0,1,308.94,35
15012.0,2,405.04,53
15014.0,2,257.67,42
15016.0,1,170.04,172
15017.0,1,125.58,33
15018.0,3,496.21,38
15019.0,1,252.81,266
15021.0,9,1871.77,8
15022.0,4,852.39,11
15023.0,11,6720.41,2
15024.0,10,1636.43,9
15025.0,1,361.96,32
15026.0,3,469.0,79
15027.0,4,1066.15,30
15028.0,4,627.13,7
15030.0,2,518.28,71
15031.0,4,653.19,3
15032.0,3,4959.1,255
15033.0,10,2557.18,4
15034.0,8,4274.16,15
15035.0,1,252.73000000000002,89
15036.0,3,429.56,71
15038.0,6,685.74,58
15039.0,47,19766.59,9
15041.0,1,179.93,169
15042.0,1,135.93,198
15043.0,1,537.0,30
15044.0,17,7634.7300000000005,18
15045.0,2,735.66,151
15046.0,15,5090.42,8
15047.0,1,343.62,269
15048.0,4,381.0,64
15049.0,1,121.17000000000002,273
15050.0,3,1737.69,24
15051.0,3,1383.36,22
15052.0,1,207.73000000000002,318
15053.0,3,693.95,4
15054.0,2,302.1,11
15057.0,2,1489.5,274
15058.0,11,2102.54,24
15059.0,9,1337.72,40
15060.0,4,294.25,7
15061.0,48,54534.14,3
15062.0,4,987.86,70
15063.0,1,370.79999999999995,212
15065.0,4,3158.13,37
15066.0,1,893.59,52
15067.0,3,1744.76,77
15068.0,2,553.36,45
15069.0,1,1109.53,178
15070.0,1,106.2,372
15071.0,2,982.07,93
15073.0,3,1043.41,9
15074.0,1,735.67,104
15075.0,1,773.03,77
15076.0,1,880.85,172
15078.0,32,9743.11,6
15079.0,4,895.61,212
15081.0,5,504.8,21
15083.0,1,88.2,256
15087.0,1,306.94,281
15088.0,2,1160.07,20
15089.0,6,2420.84,9
15090.0,1,381.32,307
15091.0,1,480.71,67
15092.0,2,457.81,214
15093.0,6,4597.02,17
15095.0,4,1370.6000000000001,103
15096.0,1,219.39000000000001,42
15097.0,1,248.08,3
15098.0,3,39916.5,181
15099.0,1,410.48,83
15100.0,3,876.0,333
15101.0,2,317.53000000000003,8
15103.0,2,703.36,30
15104.0,2,993.54,196
15105.0,7,2298.93,17
15106.0,5,1422.52,17
15107.0,6,319.5,310
15108.0,4,1300.25,141
15109.0,1,484.95,245
15110.0,4,996.1,23
15111.0,3,1567.48,28
15113.0,3,3509.43,9
15114.0,10,2760.56,29
15115.0,1,340.11,17
15116.0,4,1352.75,17
15117.0,5,1551.78,14
15118.0,1,244.8,133
15119.0,1,266.4,245
15120.0,1,358.82,133
15121.0,2,457.72,49
15122.0,3,1633.78,113
15123.0,2,2199.31,6
15124.0,2,184.19,22
15125.0,15,11528.48,24
15127.0,1,406.53000000000003,65
15128.0,4,1471.0,59
15129.0,11,3447.4,49
15130.0,1,330.11,169
15132.0,5,977.9300000000001,17
15133.0,3,982.42,127
15134.0,8,1387.99,14
15135.0,1,139.05,238
15136.0,4,1286.7,2
15139.0,2,178.96,239
15140.0,7,2354.25,51
15142.0,1,498.74,45
15143.0,1,259.45,225
15144.0,17,6580.4400000000005,7
15145.0,4,1194.73,3
15146.0,2,1327.16,164
15147.0,1,623.5,239
15148.0,1,301.29,10
15149.0,1,520.8000000000001,133
15150.0,10,5291.33,16
15152.0,13,4745.69,9
15153.0,1,329.25,30
15154.0,1,254.28,74
15156.0,3,961.49,0
15157.0,3,1936.07,3
15158.0,1,401.40000000000003,44
15159.0,30,18641.010000000002,1
15160.0,1,158.16,356
15163.0,2,304.47,17
15164.0,3,824.58,68
15165.0,1,487.75,372
15167.0,1,158.8,320
15168.0,1,106.56,25
15171.0,1,1289.5,330
15172.0,5,1624.05,8
15174.0,1,135.75,322
15175.0,1,224.14,71
15178.0,1,40.5,259
15179.0,5,2206.9500000000003,17
15180.0,1,87.5,366
15181.0,3,689.48,65
15182.0,2,622.85,153
15184.0,2,402.2,28
15185.0,1,310.62,69
15186.0,2,411.41,13
15187.0,16,4777.18,1
15189.0,41,16225.39,0
15192.0,3,1044.32,119
15193.0,1,499.32,60
15194.0,15,7616.53,2
15195.0,1,3861.0,2
15197.0,3,1079.61,10
15198.0,2,193.64,91
15199.0,4,1268.7,58
15201.0,5,1236.54,86
15203.0,6,1827.8,25
15204.0,1,316.58,356
15205.0,2,653.24,84
15206.0,4,420.3,9
15208.0,5,870.12,0
15210.0,1,331.18,224
15211.0,2,894.4100000000001,59
15212.0,1,101.8,240
15213.0,2,328.35,318
15214.0,8,1661.44,1
15215.0,3,734.94,46
15216.0,1,96.6,87
15218.0,11,5756.89,10
15219.0,1,305.75,175
15220.0,6,1778.96,51
15221.0,1,403.25,365
15222.0,1,585.0,318
15223.0,2,755.75,225
15224.0,2,322.08,357
15225.0,1,409.40000000000003,233
15226.0,1,154.41,310
15227.0,5,1219.4,36
15228.0,4,3386.71,65
15230.0,2,429.6,238
15232.0,2,612.06,112
15234.0,1,197.0,276
15235.0,12,2247.51,217
15236.0,1,321.05,298
15237.0,4,1412.32,1
15238.0,3,1071.99,28
15239.0,2,780.59,9
15240.0,5,1706.57,44
15241.0,8,1756.44,66
15243.0,1,316.68,73
15244.0,2,631.57,64
15245.0,3,2515.84,133
15246.0,2,514.15,237
15247.0,1,356.0,121
15249.0,13,6688.46,31
15251.0,11,10484.99,8
15252.0,2,740.78,35
15253.0,5,918.2,15
15254.0,1,300.36,126
15255.0,1,890.85,66
15256.0,1,98.45,148
15257.0,1,317.15,282
15258.0,2,623.16,168
15260.0,7,1810.77,99
15261.0,1,254.82,134
15262.0,1,178.95000000000002,323
15263.0,1,156.51,106
15264.0,1,393.74,63
15265.0,2,1506.1200000000001,150
15266.0,1,119.3,337
15267.0,5,1717.36,21
15269.0,1,408.8,23
15270.0,7,2379.49,15
15271.0,15,2493.34,6
15272.0,2,721.94,56
15274.0,2,716.57,3
15275.0,1,615.14,37
15276.0,1,128.63,65
15277.0,1,255.89999999999998,46
15279.0,1,290.51,354
15280.0,1,113.12,171
15281.0,9,2332.15,58
15286.0,1,240.55,49
15287.0,2,486.69,21
15288.0,5,2306.52,42
15289.0,3,939.78,28
15290.0,18,7943.22,4
15291.0,15,4668.3,25
15292.0,1,178.39,200
15296.0,6,3672.86,50
15297.0,3,641.94,9
15298.0,12,4799.9,1
15299.0,7,4507.01,66
15300.0,1,496.44,63
15301.0,12,5049.95,50
15303.0,1,574.02,289
15304.0,8,694.4,60
15306.0,3,1174.3500000000001,63
15307.0,1,205.3,95
15308.0,1,310.47,273
15311.0,91,60632.75,0
15312.0,4,924.85,74
15313.0,1,52.0,109
15314.0,1,327.97,198
15315.0,2,570.5,63
15316.0,1,165.0,326
15318.0,1,312.62,3
15319.0,1,204.5,283
15320.0,1,267.13,43
15321.0,3,2748.31,70
15322.0,1,679.68,85
15325.0,1,161.74,103
15326.0,1,311.71,333
15327.0,1,208.75,52
15329.0,3,1049.7,38
15330.0,2,714.9599999999999,31
15332.0,4,1661.06,365
15333.0,1,1028.56,207
15334.0,3,350.82,156
15335.0,1,170.22,53
15339.0,2,574.07,65
15341.0,1,2020.52,80
15342.0,1,406.09000000000003,129
15343.0,1,364.5,86
15344.0,3,563.94,0
15345.0,1,393.54,45
15346.0,1,252.42000000000002,332
15347.0,1,201.60000000000002,365
15348.0,1,158.04,71
15349.0,2,463.91,157
15350.0,1,115.65,372
15351.0,7,1934.66,11
15353.0,2,770.12,254
15355.0,2,277.05,28
15356.0,10,2718.03,30
15358.0,22,8347.2,4
15360.0,1,427.93,39
15361.0,1,418.92,361
15363.0,1,326.0,372
15364.0,2,913.19,95
15365.0,7,2314.32,25
15366.0,2,602.51,74
15367.0,4,1877.5900000000001,56
15368.0,1,446.94000000000005,20
15370.0,7,2386.05,40
15372.0,1,2007.4,136
15373.0,12,2415.91,7
15374.0,1,168.0,128
15376.0,3,1221.56,39
15379.0,7,3703.29,168
15380.0,5,1690.26,8
15381.0,2,596.85,213
15382.0,6,5955.71,14
15384.0,2,642.41,169
15385.0,1,316.88,39
15386.0,1,394.14,185
15388.0,1,140.54,269
15389.0,1,500.0,171
15392.0,4,1535.53,4
15393.0,2,231.86,15
15394.0,4,2183.54,9
15395.0,1,107.45,325
15396.0,1,288.18,112
15397.0,1,94.0,289
15398.0,2,1345.53,15
15399.0,3,815.77,0
15400.0,5,716.2,91
15402.0,2,626.77,148
15405.0,1,349.1,188
15406.0,2,510.71000000000004,30
15407.0,4,1046.74,33
15408.0,1,267.18,263
15410.0,8,3450.84,83
15411.0,4,1348.93,25
15412.0,1,190.53,170
15414.0,3,774.9000000000001,9
15415.0,1,559.61,312
15416.0,4,3984.32,64
15417.0,1,508.8,84
15419.0,1,135.86,24
15421.0,4,950.36,58
15422.0,2,97.7,322
15423.0,1,43.5,37
15424.0,2,383.34,253
15426.0,5,1404.07,18
15427.0,3,1430.54,32
15428.0,1,93.78,14
15429.0,2,397.35,26
15432.0,1,171.19000000000003,22
15433.0,2,533.3,213
15434.0,5,1041.48,7
15435.0,1,149.29,21
15436.0,3,1067.75,11
15437.0,1,200.16,261
15438.0,1,156.57999999999998,130
15440.0,3,383.68,54
15442.0,1,594.0,248
15443.0,7,3213.59,1
15444.0,2,1411.21,8
15445.0,1,113.5,263
15447.0,1,155.17000000000002,330
15448.0,1,494.64,312
15449.0,3,974.52,25
15450.0,1,429.84,29
15452.0,3,528.48,29
15453.0,7,1371.77,1
15454.0,1,179.1,361
15456.0,3,434.59,282
15457.0,1,237.07,261
15458.0,1,161.64,24
15460.0,1,214.26,353
15462.0,3,234.6,93
15463.0,1,126.14,28
15464.0,1,1044.65,337
15465.0,18,7354.62,19
15466.0,1,334.53,84
15467.0,3,524.88,8
15468.0,2,467.51,50
15469.0,2,538.55,49
15471.0,1,454.48,1
15472.0,1,371.56,112
15473.0,7,1771.2,13
15475.0,1,454.11,76
15478.0,2,1399.92,39
15480.0,1,905.5,115
15482.0,12,10879.76,15
15483.0,4,225.26,160
15484.0,4,3590.41,0
15485.0,3,2564.5,29
15488.0,1,91.32000000000001,92
15489.0,3,1134.28,22
15491.0,6,3100.09,94
15492.0,2,659.46,27
15493.0,5,1953.41,32
15494.0,2,1280.58,20
15497.0,2,1262.2,17
15498.0,27,13316.4,2
15500.0,4,1131.56,7
15502.0,12,10384.93,15
15503.0,1,141.04,362
15504.0,1,52.83,80
15505.0,5,3610.96,52
15506.0,3,972.08,22
15507.0,1,475.86,171
15508.0,6,1000.27,188
15510.0,1,250.0,330
15511.0,5,900.53,11
15512.0,2,121.0,155
15513.0,19,14758.22,32
15514.0,11,4023.7200000000003,11
15516.0,3,62.43,44
15517.0,1,267.03,232
15518.0,8,1921.55,63
15520.0,1,343.5,1
15521.0,8,3000.2,39
15522.0,2,397.99,32
15523.0,1,412.01000000000005,83
15524.0,1,440.0,24
15525.0,3,734.37,1
15526.0,2,148.44,32
15527.0,8,2428.53,18
15528.0,1,229.33,253
15529.0,11,3962.6,22
15530.0,4,1497.31,21
15531.0,2,1972.39,7
15532.0,4,1564.73,24
15533.0,3,807.57,18
15535.0,4,502.9,172
15537.0,1,110.92,162
15539.0,1,538.46,6
15540.0,1,213.3,10
15541.0,1,85.13000000000001,113
15543.0,1,127.86,287
15544.0,9,3546.71,8
15545.0,2,288.96999999999997,53
15547.0,14,4910.6,6
15549.0,3,1681.46,76
15550.0,4,575.63,3
15551.0,1,436.06,36
15552.0,1,90.12,216
15553.0,1,428.93,59
15554.0,1,217.2,277
15555.0,16,4794.86,11
15556.0,1,279.77,23
15557.0,1,468.91,28
15561.0,4,800.5899999999999,11
15562.0,1,134.55,351
15563.0,4,1400.44,21
15565.0,2,173.16000000000003,49
15567.0,1,186.01,18
15568.0,3,758.29,2
15569.0,5,1375.71,103
15570.0,12,4148.82,6
15571.0,4,650.4300000000001,11
15572.0,7,2533.42,4
15573.0,2,591.1899999999999,31
15574.0,4,675.64,177
15576.0,1,921.37,37
15577.0,3,258.88,150
15578.0,1,127.1,161
15579.0,2,327.6,68
15581.0,13,3675.77,120
15582.0,3,682.9100000000001,24
15584.0,4,720.86,23
15585.0,1,455.3,176
15587.0,4,913.68,49
15589.0,3,478.53,255
15592.0,1,388.58,46
15593.0,1,199.8,70
15594.0,5,1771.78,15
15596.0,5,1406.59,100
15597.0,1,324.57,34
15598.0,1,240.68,52
15599.0,2,761.74,26
15601.0,14,6776.56,10
15602.0,9,1297.8700000000001,7
15603.0,1,48.480000000000004,78
15604.0,1,216.39000000000001,51
15605.0,5,1198.23,35
15606.0,9,2920.16,60
15607.0,1,104.76,336
15608.0,4,1093.68,27
15609.0,1,298.48,183
15610.0,1,112.46000000000001,51
15611.0,13,1591.45,9
15612.0,2,195.15,35
15615.0,23,10399.74,9
15618.0,4,776.851,32
15619.0,1,336.4,10
15620.0,3,1553.18,56
15621.0,4,1293.03,3
15622.0,9,3709.56,42
15623.0,1,301.03000000000003,140
15624.0,4,588.13,116
15625.0,4,1534.26,103
15626.0,2,675.8,74
15628.0,9,2870.2400000000002,4
15630.0,2,1186.35,44
15632.0,8,3285.31,15
15634.0,1,243.55,16
15636.0,2,724.76,89
15637.0,1,223.36,52
15639.0,1,425.32,133
15640.0,15,12416.11,3
15641.0,4,1887.2,104
15643.0,3,664.0,191
15644.0,4,803.54,165
15645.0,1,612.01,18
15646.0,3,447.64000000000004,157
15648.0,2,639.5,203
15649.0,2,816.0,335
15651.0,3,646.3,36
15652.0,1,337.74,90
15653.0,2,877.44,92
15654.0,2,922.53,8
15655.0,1,560.6700000000001,242
15656.0,4,748.5,44
15657.0,1,30.0,22
15658.0,5,1024.1000000000001,189
15659.0,1,306.45,43
15660.0,9,1600.86,24
15661.0,2,309.8,316
15663.0,1,138.14,105
15664.0,1,386.43,50
15665.0,2,2222.21,167
15667.0,1,301.32000000000005,39
15668.0,1,76.32000000000001,217
15669.0,4,684.34,39
15670.0,1,173.05,296
15671.0,7,2657.13,18
15673.0,4,2726.23,87
15674.0,5,2446.6,72
15675.0,3,323.69,80
15676.0,3,3435.76,18
15677.0,1,657.23,48
15678.0,1,352.7,52
15679.0,4,781.28,23
15680.0,3,1333.68,8
15681.0,5,1426.16,24
15683.0,1,193.75,116
15687.0,9,2993.1,8
15689.0,2,254.1,119
15690.0,2,239.76,3
15691.0,1,136.8,251
15692.0,1,191.04,27
15694.0,14,6479.4,0
15695.0,2,409.98,266
15696.0,8,2711.11,32
15699.0,1,309.65,17
15700.0,2,696.68,171
15701.0,4,1529.0,1
15703.0,1,211.5,264
15704.0,4,2293.62,139
15705.0,1,143.1,200
15706.0,4,1060.56,63
15707.0,4,916.98,34
15708.0,7,3235.25,40
15709.0,1,133.25,283
15712.0,5,1072.3600000000001,8
15713.0,2,356.7,142
15714.0,2,330.03000000000003,11
15716.0,4,1101.11,145
15717.0,1,150.3,233
15719.0,13,5030.07,32
15720.0,1,598.73,23
15721.0,1,471.40000000000003,11
15722.0,5,2211.21,35
15723.0,1,190.70000000000002,364
15724.0,2,218.25,200
15725.0,1,415.25,14
15727.0,7,5159.06,16
15729.0,1,85.0,212
15730.0,3,1120.88,65
15732.0,2,294.12,211
15733.0,1,162.3,282
15734.0,2,1339.45,114
15737.0,8,1188.1200000000001,14
15738.0,16,4812.42,18
15739.0,1,449.12,65
15740.0,1,154.88,48
15743.0,4,775.96,15
15744.0,1,34.8,77
15745.0,4,1094.5900000000001,18
15746.0,1,196.88,133
15747.0,3,946.64,12
15748.0,1,144.36,39
15749.0,3,44534.3,234
15750.0,8,2463.05,2
15752.0,7,2626.6,39
15753.0,1,79.2,304
15754.0,3,458.57,50
15755.0,6,2364.25,9
15756.0,4,528.01,60
15757.0,2,714.42,65
15758.0,1,205.25,24
15759.0,3,253.04000000000002,217
15762.0,2,583.75,64
15763.0,2,1086.92,31
15764.0,6,3279.9700000000003,87
15766.0,1,315.06,63
15768.0,3,621.83,115
15769.0,26,56252.72,6
15773.0,1,635.6800000000001,5
15774.0,1,270.8,68
15775.0,1,104.9,244
15776.0,1,241.62,132
15777.0,4,1047.1100000000001,240
15780.0,3,475.28000000000003,183
15781.0,3,345.46000000000004,24
15782.0,3,2614.74,9
15783.0,1,246.3,10
15785.0,5,2328.9700000000003,32
15786.0,3,4919.0,45
15787.0,3,933.26,25
15789.0,1,351.3,357
15790.0,1,218.75,9
15791.0,2,1612.69,43
15793.0,3,965.61,14
15795.0,1,610.01,149
15796.0,8,2708.61,0
15797.0,4,2207.4,112
15799.0,3,884.14,75
15800.0,2,696.89,106
15801.0,3,1063.95,45
15802.0,1,451.42,142
15803.0,1,415.82000000000005,50
15804.0,13,4206.39,0
15805.0,17,5488.18,22
15806.0,3,784.58,45
15807.0,3,903.9,49
15808.0,4,3651.27,305
15809.0,5,515.77,35
15810.0,4,1391.98,78
15811.0,6,2218.62,21
15812.0,5,1801.14,106
15813.0,2,1303.9099999999999,207
15814.0,4,1945.3300000000002,16
15815.0,5,2100.6,63
15819.0,4,1905.45,48
15820.0,1,206.98,319
15821.0,2,570.96,43
15822.0,2,885.47,2
15823.0,1,15.0,371
15825.0,1,532.94,171
15826.0,3,1654.31,55
15827.0,14,1836.09,72
15829.0,2,636.14,98
15830.0,1,576.0,37
15831.0,3,794.64,57
15832.0,1,836.79,253
15834.0,4,2225.15,69
15835.0,4,954.09,43
15836.0,1,137.37,49
15837.0,1,391.98,64
15838.0,19,33643.08,10
15839.0,3,1048.49,32
15840.0,2,355.56,58
15841.0,4,1224.06,72
15843.0,1,118.95,303
15844.0,1,130.73999999999998,45
15845.0,8,3711.77,17
15847.0,2,389.27,37
15850.0,2,234.88,18
15852.0,2,160.71,186
15853.0,1,110.8,51
15854.0,12,2969.12,3
15855.0,5,712.24,136
15856.0,27,16143.64,3
15857.0,1,297.0,18
15858.0,5,1427.57,15
15860.0,8,965.16,40
15861.0,8,3146.92,11
15862.0,4,832.88,7
15863.0,2,68.84,25
15864.0,6,1936.32,21
15865.0,3,895.13,40
15866.0,1,211.89,100
15867.0,15,3810.14,4
15869.0,2,149.64,276
15870.0,1,351.44,32
15872.0,2,316.25,14
15874.0,7,4405.88,63
15877.0,2,490.33,1
15880.0,1,329.03,368
15881.0,5,501.39,311
15882.0,4,516.36,198
15883.0,2,396.48,1
15885.0,3,379.35,92
15886.0,1,181.09,59
15888.0,1,168.31,80
15889.0,2,420.07,156
15891.0,1,511.68,226
15894.0,2,258.25,252
15895.0,1,179.17,149
15897.0,2,208.59,193
15898.0,5,1383.83,0
15899.0,1,56.25,368
15900.0,1,337.28000000000003,23
15901.0,3,351.73,16
15903.0,7,5126.76,9
15904.0,1,164.68,7
15906.0,7,1567.69,19
15907.0,3,882.72,3
15909.0,1,191.94,173
15910.0,8,1228.88,0
15912.0,2,264.62,177
15916.0,8,1502.8600000000001,15
15917.0,1,123.1,247
15918.0,2,334.23,190
15919.0,2,525.69,19
15920.0,4,167.5,153
15921.0,1,323.03000000000003,172
15922.0,1,369.5,372
15923.0,1,127.08,372
15925.0,1,207.15,193
15930.0,1,426.63,66
15932.0,8,2495.87,3
15933.0,3,1107.46,20
15935.0,2,416.86,238
15937.0,1,145.35000000000002,63
15938.0,5,404.58000000000004,111
15939.0,15,6115.01,89
15940.0,1,35.8,310
15942.0,1,337.44,133
15944.0,1,325.1,276
15945.0,1,181.0,364
15947.0,1,1708.24,82
15948.0,2,955.24,7
15949.0,2,364.72,16
15950.0,4,1744.71,31
15951.0,2,708.22,8
15952.0,4,781.91,33
15953.0,8,1657.28,14
15955.0,14,4416.26,23
15957.0,1,428.89,31
15958.0,1,104.35,73
15963.0,2,470.76,19
15965.0,4,808.87,16
15967.0,2,397.68,22
15969.0,3,666.1,2
15970.0,1,314.09999999999997,303
15971.0,12,4199.85,17
15973.0,1,307.82000000000005,366
15974.0,7,3442.15,38
15975.0,1,371.01,83
15976.0,2,427.64,164
15977.0,2,1054.73,16
15978.0,1,1098.78,76
15980.0,3,2398.86,88
15981.0,8,3408.48,24
15983.0,4,1465.12,21
15984.0,10,2780.63,2
15985.0,2,1142.42,122
15986.0,1,168.12,29
15987.0,7,1432.77,11
15988.0,1,156.78,18
15990.0,2,792.11,43
15992.0,1,41.989999999999995,3
15993.0,7,2777.67,8
15994.0,1,414.27,54
15996.0,6,1032.58,87
15998.0,5,3080.22,36
16000.0,3,12393.7,2
16003.0,5,2735.37,29
16005.0,4,578.71,11
16006.0,1,101.4,210
16007.0,4,1693.81,47
16008.0,3,478.78,23
16009.0,4,972.11,21
16010.0,3,392.4,245
16011.0,16,3352.96,7
16012.0,3,1415.29,34
16013.0,47,37130.6,3
16014.0,3,646.83,37
16015.0,3,704.55,3
16016.0,8,1465.51,2
16017.0,1,211.88,46
16018.0,2,408.9,38
16019.0,9,3786.24,46
16020.0,3,851.01,16
16022.0,1,602.63,259
16023.0,3,719.81,45
16024.0,1,251.03,11
16025.0,1,439.65999999999997,29
16026.0,1,236.09,42
16027.0,6,934.62,91
16029.0,63,80850.84,38
16030.0,1,331.24,309
16031.0,2,547.9,91
16033.0,20,8778.82,5
16034.0,3,437.70000000000005,195
16036.0,2,758.9200000000001,86
16037.0,3,855.02,269
16038.0,3,471.78,7
16040.0,3,1313.55,64
16041.0,3,3166.4,30
16042.0,5,1177.47,21
16043.0,4,773.99,37
16045.0,4,1340.7,119
16048.0,2,256.44,372
16049.0,3,1074.81,39
16050.0,1,137.9,173
16052.0,1,362.06,53
16053.0,2,1511.95,32
16054.0,1,783.9,144
16055.0,1,134.8,220
16056.0,1,650.75,44
16057.0,7,2263.12,15
16059.0,6,1453.16,65
16062.0,4,1153.62,9
16063.0,1,335.32,259
16065.0,1,367.14,364
16066.0,5,1521.04,16
16070.0,2,852.15,21
16071.0,1,326.24,44
16072.0,1,584.3199999999999,287
16073.0,1,122.4,296
16076.0,10,2234.73,2
16078.0,1,79.2,283
16079.0,3,1352.0,16
16080.0,2,217.16,81
16081.0,5,2799.42,55
16083.0,2,1317.62,100
16084.0,1,436.18,298
16085.0,5,981.51,22
16086.0,5,1121.39,58
16091.0,2,315.06,154
16092.0,3,817.86,114
16093.0,1,17.0,106
16094.0,4,1078.23,11
16096.0,1,320.62,263
16097.0,1,185.04999999999998,239
16098.0,7,2005.63,87
16099.0,3,731.9,49
16101.0,1,1290.7,70
16102.0,3,1842.14,41
16103.0,6,1429.64,6
16104.0,1,298.21,61
16105.0,1,336.96,248
16106.0,1,108.38,65
16107.0,7,3204.1600000000003,17
16108.0,1,842.5,84
16109.0,2,611.88,218
16110.0,3,1320.95,44
16112.0,4,195.74,142
16113.0,1,161.38,182
16114.0,1,135.75000000000003,170
16115.0,8,1660.8799999999999,9
16116.0,1,612.78,211
16117.0,1,232.21,189
16119.0,2,423.36,7
16120.0,4,1309.14,58
16121.0,2,854.66,56
16122.0,4,684.42,72
16123.0,1,307.78000000000003,51
16124.0,1,249.0,316
16125.0,1,289.35,366
16126.0,4,6287.77,28
16127.0,1,656.25,38
16128.0,5,1880.22,17
16131.0,6,3506.54,51
16133.0,33,14589.04,3
16134.0,2,618.09,21
16135.0,1,517.55,262
16136.0,3,709.38,59
16139.0,3,635.4100000000001,18
16140.0,2,725.1800000000001,65
16141.0,1,620.4,87
16142.0,1,535.34,249
16143.0,6,2424.94,2
16144.0,1,175.2,246
16145.0,11,3799.4900000000002,8
16146.0,3,734.13,156
16147.0,1,375.0,133
16148.0,1,76.32000000000001,295
16149.0,2,280.52,4
16150.0,5,2053.02,42
16152.0,1,1829.04,268
16153.0,5,1824.23,49
16156.0,9,3092.04,8
16157.0,3,656.69,15
16159.0,1,348.2,281
16160.0,2,1025.44,64
16161.0,19,5533.67,1
16162.0,1,37.4,251
16163.0,2,856.6,231
16164.0,3,822.48,16
16168.0,27,3787.6,10
16169.0,4,1822.97,7
16170.0,6,1885.05,50
16171.0,1,73.19999999999999,58
16172.0,5,1140.21,94
16173.0,6,1418.32,15
16174.0,3,1009.55,125
16175.0,4,1037.5900000000001,93
16177.0,1,331.95,49
16178.0,1,197.9,137
16179.0,1,215.83,60
16180.0,8,10254.18,99
16181.0,1,305.54,72
16182.0,4,6617.65,71
16183.0,1,338.71000000000004,66
16184.0,6,1158.79,63
16185.0,2,529.41,16
16186.0,12,4006.94,22
16187.0,15,6911.4400000000005,31
16188.0,4,981.86,44
16189.0,2,215.48,15
16190.0,1,215.08,39
16191.0,13,5180.52,2
16193.0,1,314.45,236
16198.0,1,400.68100000000004,74
16200.0,2,1068.8700000000001,3
16201.0,4,1863.47,2
16202.0,1,365.27,360
16203.0,4,592.9,58
16204.0,1,384.18,22
16205.0,4,757.63,30
16206.0,4,537.0600000000001,54
16207.0,1,394.38,24
16208.0,2,664.26,44
16209.0,5,2262.62,88
16210.0,18,21086.3,1
16211.0,1,547.02,88
16212.0,2,690.34,18
16213.0,1,159.0,78
16214.0,3,1062.75,170
16215.0,1,242.35,80
16216.0,1,914.9300000000001,266
16217.0,2,304.25,234
16218.0,7,3084.68,29
16221.0,3,860.86,36
16222.0,1,773.55,317
16224.0,4,1295.3,56
16225.0,5,1096.32,44
16226.0,3,255.12,202
16227.0,1,314.22,224
16229.0,2,1010.6,86
16230.0,2,542.03,189
16232.0,4,990.88,43
16233.0,3,536.6800000000001,70
16235.0,5,867.3100000000001,40
16236.0,1,432.2,77
16239.0,2,414.2,56
16240.0,2,3718.8,23
16241.0,13,2590.31,9
16242.0,7,3579.86,7
16243.0,2,409.1,33
16244.0,2,1522.75,211
16245.0,3,1413.66,23
16247.0,1,114.56,169
16248.0,1,152.94,61
16249.0,5,1800.07,52
16250.0,2,389.44,260
16253.0,2,3683.86,66
16255.0,8,2619.91,16
16256.0,1,752.4300000000001,266
16257.0,1,46.95,176
16258.0,5,5203.51,44
16260.0,1,1035.45,50
16261.0,4,728.54,16
16265.0,9,5447.0,8
16266.0,7,861.89,73
16268.0,2,667.65,70
16270.0,1,1141.24,352
16271.0,5,1404.64,2
16272.0,1,411.7,116
16274.0,1,351.75,372
16275.0,1,559.87,196
16276.0,1,810.6,176
16278.0,1,566.38,99
16279.0,3,1502.78,20
16281.0,1,2062.06,71
16282.0,1,168.3,339
16283.0,5,1570.81,5
16284.0,2,812.68,30
16287.0,1,142.5,169
16292.0,1,302.25,121
16293.0,10,2248.9900000000002,21
16295.0,4,1328.55,9
16297.0,1,301.9,268
16298.0,3,598.2,22
16302.0,1,233.22,126
16303.0,3,5360.63,25
16305.0,1,361.22,138
16306.0,6,632.27,213
16308.0,4,2560.0,37
16309.0,2,706.57,105
16311.0,2,616.26,17
16313.0,2,274.15000000000003,2
16315.0,1,226.37,330
16316.0,8,2938.91,63
16317.0,3,1341.65,119
16318.0,1,328.15000000000003,34
16319.0,1,404.40000000000003,217
16320.0,2,1038.46,171
16321.0,5,373.65000000000003,71
16322.0,2,326.75,0
16323.0,1,207.50000000000003,195
16324.0,3,408.59000000000003,127
16325.0,3,594.24,46
16326.0,14,3039.2200000000003,5
16327.0,6,3820.27,13
16330.0,3,251.91,17
16332.0,7,1582.8,27
16333.0,22,26626.8,7
16337.0,1,151.05,36
16338.0,1,214.8,156
16339.0,1,94.05,283
16340.0,1,534.31,106
16341.0,4,1971.8700000000001,24
16342.0,4,322.41,74
16343.0,2,328.58,15
16344.0,1,101.10000000000001,157
16345.0,1,565.46,43
16347.0,2,847.45,10
16348.0,7,1415.65,31
16349.0,1,53.5,290
16350.0,4,1116.47,20
16351.0,1,153.9,332
16352.0,2,494.44,17
16353.0,23,6675.71,3
16354.0,2,395.8,62
16356.0,3,211.77,197
16357.0,3,658.88,32
16358.0,4,2027.5,0
16359.0,9,1750.92,6
16360.0,6,3450.41,4
16361.0,4,891.21,9
16362.0,5,709.99,31
16363.0,1,109.36000000000001,52
16364.0,2,705.79,11
16365.0,9,1540.42,17
16366.0,1,327.3,18
16367.0,2,800.67,36
16368.0,2,479.91,1
16369.0,3,1545.41,17
16370.0,4,1301.91,81
16372.0,2,355.73,32
16374.0,2,466.73,65
16376.0,2,974.96,8
16377.0,1,676.2,266
16378.0,3,362.95,246
16379.0,4,2157.4,3
16380.0,1,1743.1499999999999,60
16383.0,2,643.76,74
16384.0,2,584.5,89
16385.0,3,554.86,59
16386.0,2,302.57,28
16387.0,1,94.36,322
16389.0,4,1382.0700000000002,52
16392.0,1,217.89000000000001,269
16393.0,13,3040.96,1
16394.0,5,1555.34,56
16395.0,5,1482.06,60
16398.0,2,1705.8,153
16399.0,2,408.02,18
16400.0,1,303.93,94
16401.0,12,4098.32,0
16402.0,2,293.45,264
16403.0,1,177.5,311
16404.0,1,443.05,69
16405.0,2,167.25,301
16406.0,1,154.35,18
16407.0,10,2079.68,12
16409.0,5,2022.98,35
16411.0,2,211.7,18
16412.0,1,135.99,53
16413.0,1,262.2,56
16414.0,2,126.25,21
16415.0,1,200.27,43
16416.0,3,1051.4,26
16418.0,3,631.12,44
16419.0,6,958.71,112
16422.0,51,34684.4,16
16423.0,1,346.12,24
16424.0,1,133.56,190
16425.0,1,302.7,301
16426.0,10,1863.76,1
16427.0,2,241.06,262
16429.0,1,284.55,105
16430.0,1,300.85,56
16431.0,3,623.28,212
16432.0,1,287.40000000000003,63
16433.0,1,184.26,27
16434.0,7,1511.8,28
16438.0,5,798.35,5
16440.0,5,3640.67,7
16441.0,2,381.2,66
16442.0,3,609.3,1
16444.0,4,654.67,45
16445.0,1,230.51,33
16446.0,2,168472.5,0
16447.0,1,255.91,135
16448.0,1,182.99,197
16449.0,2,707.69,197
16450.0,1,311.92,149
16451.0,1,266.97,87
16454.0,2,6.9,44
16455.0,7,1841.18,63
16456.0,5,2158.18,98
16457.0,1,208.36,217
16458.0,18,3482.7400000000002,2
16460.0,3,811.23,27
16461.0,1,142.92,177
16462.0,3,136.0,73
16463.0,4,1422.4,20
16464.0,3,1298.66,19
16466.0,7,1595.96,33
16468.0,1,74.9,73
16469.0,4,625.42,23
16470.0,4,752.77,51
16471.0,1,223.95000000000002,274
16473.0,3,316.11,164
16474.0,7,1810.65,6
16475.0,4,544.3,87
16477.0,7,2494.46,63
16478.0,3,331.0,24
16479.0,2,300.83,9
16480.0,1,769.29,75
16482.0,1,220.62,15
16483.0,1,139.35,191
16484.0,2,404.3,173
16485.0,1,363.65,76
16488.0,3,498.8,32
16491.0,1,731.5,46
16493.0,4,1351.63,79
16494.0,1,826.53,296
16495.0,3,648.26,2
16496.0,3,1599.52,8
16497.0,6,2965.69,49
16498.0,2,100.97,160
16499.0,2,365.45,359
16500.0,6,400.86,4
16503.0,4,1431.93,106
16504.0,1,465.88,24
16505.0,1,777.6,31
16506.0,2,90.30000000000001,19
16509.0,1,363.70000000000005,296
16510.0,1,248.1,371
16511.0,3,918.33,21
16513.0,4,874.59,4
16515.0,5,1624.14,51
16516.0,1,101.69999999999999,29
16517.0,1,162.70000000000002,276
16518.0,2,484.32,60
16519.0,2,215.07999999999998,24
16520.0,3,1046.57,185
16523.0,21,9418.470000000001,1
16525.0,26,13027.45,1
16526.0,1,290.36,171
16527.0,1,228.06,80
16528.0,1,244.41,3
16529.0,1,455.25,189
16531.0,7,1244.59,21
16532.0,3,6748.8,17
16533.0,3,1082.81,18
16535.0,1,593.75,4
16536.0,1,548.12,109
16539.0,4,1388.81,2
16542.0,1,119.62,53
16545.0,1,339.3,164
16546.0,2,787.15,290
16549.0,10,4034.9,9
16550.0,5,2298.97,108
16551.0,3,922.12,95
16552.0,2,379.73,242
16553.0,12,5719.82,162
16554.0,3,837.1,41
16555.0,2,285.89,34
16556.0,7,3313.79,66
16557.0,2,281.85,23
16558.0,20,8338.49,0
16560.0,2,841.41,26
16561.0,2,511.12,5
16563.0,1,1077.74,53
16565.0,1,173.7,363
16566.0,5,614.66,14
16567.0,2,865.6,193
16569.0,1,124.2,2
16570.0,10,3738.4,14
16571.0,3,1421.69,26
16572.0,3,1009.6,126
16573.0,2,663.61,84
16574.0,1,451.44,70
16581.0,1,105.84,182
16582.0,1,313.62,112
16583.0,1,233.45,373
16584.0,2,936.08,79
16586.0,1,463.95,248
16587.0,1,225.15,231
16589.0,3,459.24,70
16591.0,1,213.5,68
16592.0,16,4113.68,3
16593.0,3,330.03,50
16594.0,1,181.09,74
16595.0,1,360.16,60
16596.0,2,250.15,15
16597.0,1,90.04,3
16598.0,1,145.05,285
16600.0,6,813.52,3
16601.0,1,242.7,40
16602.0,1,528.08,35
16603.0,2,482.47,74
16607.0,14,3347.71,17
16609.0,7,5493.46,14
16610.0,1,75.66,218
16611.0,1,129.49,185
16612.0,4,1187.66,32
16613.0,1,618.59,69
16614.0,1,506.19,182
16616.0,2,500.42,14
16617.0,1,151.85,235
16618.0,5,2647.59,30
16619.0,1,226.21,263
16620.0,2,178.96,3
16621.0,4,813.48,51
16623.0,1,129.45000000000002,245
16624.0,2,810.57,80
16625.0,1,333.08,274
16626.0,17,4413.1,0
16627.0,1,322.8,78
16628.0,5,2188.05,29
16629.0,2,408.63,73
16633.0,6,2883.1,16
16634.0,2,217.9,222
16637.0,4,1154.47,31
16638.0,10,1680.72,22
16639.0,3,1257.51,30
16641.0,1,231.1,105
16642.0,2,688.33,4
16643.0,1,487.51,245
16644.0,2,833.78,177
16647.0,2,214.06,169
16648.0,1,290.66,42
16650.0,1,518.42,71
16652.0,7,6773.97,58
16653.0,2,1212.66,15
16654.0,4,601.27,140
16655.0,6,3789.52,17
16656.0,15,8625.8,21
16657.0,4,874.43,9
16658.0,1,123.24,367
16659.0,1,39.12,188
16660.0,4,1267.65,15
16665.0,1,135.4,361
16666.0,1,118.98,18
16667.0,2,567.1800000000001,67
16668.0,6,306.72,14
16669.0,3,1348.88,23
16670.0,11,4095.9,16
16671.0,3,1692.27,27
16672.0,20,8134.9400000000005,1
16674.0,2,304.24,54
16676.0,4,1592.12,33
16678.0,12,3109.99,2
16679.0,1,129.75,365
16680.0,1,183.7,42
16681.0,6,1770.3400000000001,72
16682.0,5,1028.0,4
16684.0,28,66653.56,3
16685.0,2,324.24,60
16686.0,7,2959.88,46
16688.0,4,1260.8600000000001,0
16689.0,2,422.6,75
16690.0,2,225.58,71
16692.0,2,1276.0,255
16693.0,2,477.86,68
16696.0,4,657.9,134
16697.0,1,112.75,240
16698.0,2,1998.0,226
16700.0,13,5076.55,8
16701.0,13,5398.3,8
16705.0,20,14034.99,0
16706.0,3,531.35,36
16708.0,1,656.63,45
16709.0,5,3029.87,84
16710.0,10,2467.9900000000002,18
16711.0,5,1651.03,2
16712.0,11,3611.31,8
16713.0,15,6910.78,18
16714.0,3,1129.06,218
16715.0,1,301.71999999999997,77
16716.0,2,901.2,266
16717.0,6,3843.08,23
16718.0,1,606.0500000000001,368
16719.0,7,1770.22,14
16720.0,1,152.95,25
16721.0,1,292.47,261
16722.0,13,4730.81,16
16723.0,2,576.4,90
16725.0,7,758.27,301
16726.0,5,1358.74,25
16727.0,1,256.32,363
16728.0,4,1048.28,45
16729.0,21,7205.33,37
16730.0,3,743.11,51
16732.0,1,603.75,31
16734.0,3,646.76,51
16735.0,5,2247.41,78
16737.0,1,417.6,52
16738.0,1,3.75,297
16739.0,1,323.0,176
16742.0,1,464.9,46
16743.0,7,2213.13,28
16744.0,7,1291.91,10
16745.0,17,7180.7,86
16746.0,18,6680.11,4
16747.0,2,836.0600000000001,37
16748.0,5,1515.9,17
16750.0,5,623.93,44
16751.0,1,1764.72,30
16752.0,1,207.5,372
16753.0,1,223.92000000000002,57
16754.0,1,2002.4,371
16755.0,3,1475.43,113
16756.0,1,239.4,214
16757.0,1,106.83000000000001,318
16758.0,1,369.34000000000003,64
16759.0,3,789.79,7
16761.0,1,316.62,96
16762.0,3,1207.24,19
16763.0,1,611.8499999999999,198
16764.0,13,2790.9500000000003,3
16765.0,1,34.0,293
16766.0,2,1145.6,272
16767.0,11,5575.56,30
16768.0,3,478.09000000000003,47
16769.0,1,361.54,259
16770.0,5,757.1,57
16771.0,5,2242.61,32
16773.0,1,171.59,56
16774.0,4,661.52,67
16775.0,11,1691.51,9
16776.0,1,371.54,59
16777.0,2,222.62,79
16778.0,2,245.94,73
16779.0,22,10611.72,1
16780.0,2,422.24,99
16781.0,1,311.25,371
16782.0,13,2267.9500000000003,9
16784.0,1,107.6,19
16788.0,2,594.39,122
16789.0,1,80.80000000000001,7
16790.0,6,1545.6200000000001,3
16791.0,7,1705.78,28
16792.0,2,110.38,281
16793.0,1,243.84,56
16794.0,10,1196.5,0
16795.0,1,414.88,364
16796.0,1,305.62,88
16800.0,1,1162.65,10
16801.0,4,1594.23,162
16803.0,1,332.3,64
16804.0,3,536.99,22
16805.0,2,460.59000000000003,173
16806.0,4,762.16,102
16807.0,3,1121.59,142
16808.0,2,288.42,98
16809.0,5,914.69,22
16810.0,1,309.54,191
16811.0,2,547.07,4
16812.0,1,479.35,360
16813.0,10,1652.18,7
16814.0,21,6416.7,13
16816.0,4,417.06,102
16817.0,9,1604.75,2
16818.0,11,3349.57,10
16820.0,1,497.61,95
16823.0,1,358.38,226
16824.0,2,460.64,15
16825.0,2,775.18,38
16826.0,1,341.7,50
16828.0,2,128.5,92
16829.0,1,197.22,156
16830.0,1,325.91,38
16832.0,3,199.15,183
16833.0,4,1106.53,0
16834.0,1,413.46,227
16835.0,2,180.85,127
16836.0,2,251.87,39
16837.0,11,3170.98,30
16838.0,2,588.85,196
16839.0,34,16594.35,8
16841.0,6,1869.82,36
16842.0,3,1264.19,100
16843.0,16,10196.57,42
16846.0,1,214.32,49
16847.0,1,193.44,42
16848.0,1,281.42,52
16849.0,1,124.57,186
16850.0,1,332.41,333
16851.0,3,342.45,3
16852.0,2,144.91,9
16855.0,2,328.40000000000003,23
16856.0,1,35.400000000000006,14
16858.0,1,375.69000000000005,368
16859.0,2,747.81,144
16861.0,2,173.76,59
16863.0,2,502.8,30
16866.0,3,207.74,140
16869.0,4,817.12,22
16871.0,6,2812.34,21
16872.0,3,680.02,76
16873.0,6,7123.62,4
16875.0,5,2095.53,66
16877.0,6,846.62,11
16878.0,1,13.3,83
16880.0,7,1491.43,30
16881.0,1,432.0,66
16882.0,3,705.12,66
16883.0,2,272.48,186
16884.0,2,429.84,37
16885.0,3,450.41,14
16887.0,1,192.32999999999998,34
16889.0,3,1578.67,194
16891.0,5,742.43,1
16892.0,5,518.19,0
16893.0,1,145.93,366
16895.0,1,202.27,64
16897.0,2,289.78,298
16898.0,3,501.03000000000003,25
16899.0,6,1271.06,7
16900.0,3,887.11,16
16902.0,1,1706.88,115
16903.0,1,363.2,28
16904.0,16,3653.75,3
16905.0,7,3037.6,4
16906.0,4,559.59,81
16907.0,5,928.76,28
16909.0,1,379.14,71
16910.0,8,1508.96,3
16912.0,11,2555.58,28
16913.0,1,113.44,289
16914.0,1,183.76,35
16915.0,6,621.6800000000001,8
16916.0,2,562.41,23
16917.0,1,391.52,276
16918.0,6,1068.82,49
16919.0,11,2592.25,155
16921.0,1,154.18,60
16923.0,19,7069.08,11
16924.0,3,829.89,20
16926.0,1,230.25,370
16927.0,3,543.05,115
16928.0,17,2814.7,79
16929.0,7,1295.39,3
16930.0,3,378.89,25
16931.0,21,4554.87,4
16932.0,1,150.23000000000002,52
16933.0,2,563.23,0
16934.0,2,931.03,54
16936.0,1,261.9,25
16938.0,4,2711.6800000000003,8
16940.0,3,3049.88,51
16942.0,9,1904.99,12
16943.0,3,816.73,211
16945.0,19,4345.5,21
16947.0,1,406.48,235
16948.0,3,435.02,138
16949.0,6,1286.27,3
16950.0,3,1178.56,56
16951.0,3,1277.75,134
16952.0,2,167.61,108
16953.0,1,20.8,29
16954.0,9,2085.08,0
16955.0,4,518.67,184
16956.0,1,308.74,17
16957.0,2,416.64,238
16959.0,1,117.35000000000001,86
16960.0,3,507.05,38
16961.0,1,234.17000000000002,115
16963.0,1,110.55000000000001,186
16965.0,1,201.19,226
16966.0,7,2154.97,7
16967.0,1,319.02,188
16968.0,2,439.43,3
16969.0,3,650.41,38
16971.0,1,357.21,37
16976.0,1,251.51999999999998,266
16978.0,1,344.33,77
16979.0,6,1852.0,3
16980.0,2,1028.46,254
16982.0,1,384.06,60
16983.0,7,1905.87,12
16984.0,2,4459.52,87
16985.0,10,5464.12,16
16986.0,2,1873.2,29
16987.0,7,1616.8,2
16988.0,1,126.12,4
16989.0,6,1133.25,6
16990.0,1,179.0,218
16992.0,5,1614.31,10
16996.0,6,1456.96,29
16997.0,3,702.0,287
16998.0,4,295.0,149
16999.0,2,484.82,22
17001.0,11,3989.57,0
17002.0,3,1493.73,85
17004.0,2,1312.1399999999999,45
17006.0,4,781.78,4
17007.0,6,889.9300000000001,50
17010.0,1,195.36,17
17011.0,1,270.9,29
17014.0,3,583.4300000000001,7
17015.0,3,1838.61,28
17017.0,20,8694.26,2
17018.0,2,920.1,40
17019.0,4,1258.08,10
17022.0,1,71.0,30
17024.0,3,95.85,44
17025.0,3,357.77,60
17026.0,2,154.83,184
17027.0,6,877.5600000000001,78
17029.0,2,716.0,110
17030.0,1,146.87,63
17031.0,2,380.35,11
17033.0,3,1030.14,85
17034.0,3,745.52,15
17035.0,2,433.53000000000003,245
17037.0,1,1267.32,87
17038.0,1,112.4,29
17040.0,1,449.73,137
17041.0,3,1071.49,26
17042.0,5,1036.58,2
17043.0,4,1735.18,31
17044.0,1,948.48,24
17045.0,3,339.44,112
17046.0,1,642.02,156
17047.0,3,1100.9,84
17048.0,3,925.35,117
17049.0,9,5655.03,2
17050.0,6,3185.64,95
17051.0,1,240.89,193
17052.0,1,399.09,27
17053.0,1,498.48,130
17054.0,5,1356.33,27
17058.0,3,1179.89,81
17059.0,5,3080.39,29
17060.0,1,234.24,265
17061.0,11,5232.2300000000005,73
17062.0,4,533.33,313
17063.0,7,1461.14,20
17064.0,3,855.45,58
17068.0,21,4552.14,11
17069.0,9,2709.7000000000003,27
17070.0,1,304.24,113
17071.0,9,2429.03,27
17073.0,4,1446.09,17
17075.0,4,834.12,17
17076.0,3,841.0799999999999,35
17078.0,2,378.2,35
17079.0,1,118.80000000000001,77
17080.0,2,287.62,21
17081.0,2,288.91,24
17082.0,2,2003.8500000000001,32
17083.0,3,1405.78,108
17084.0,2,2747.9900000000002,34
17085.0,5,1562.4,122
17086.0,6,2050.08,6
17088.0,4,1991.01,27
17090.0,7,1974.65,3
17091.0,9,3827.76,2
17092.0,4,1774.03,49
17094.0,1,302.0,321
17095.0,3,1324.16,22
17096.0,4,1022.13,14
17097.0,8,954.42,1
17100.0,2,971.74,17
17101.0,4,1621.73,9
17102.0,1,25.5,261
17105.0,2,665.78,158
17107.0,6,10797.48,32
17109.0,6,881.29,28
17110.0,1,163.29999999999998,164
17111.0,1,231.61,46
17114.0,8,801.12,5
17115.0,3,837.5,7
17117.0,1,116.2,287
17118.0,1,157.02,317
17119.0,2,606.91,2
17120.0,1,307.46,232
17122.0,1,138.32,118
17123.0,1,345.3,161
17124.0,1,294.24,184
17125.0,1,230.5,49
17126.0,5,989.45,151
17128.0,1,157.09,334
17131.0,5,2463.17,4
17133.0,7,4892.240000000001,15
17134.0,2,413.2,106
17135.0,7,1139.73,15
17138.0,1,380.5,275
17139.0,12,10650.77,15
17140.0,1,454.12,246
17142.0,1,579.0,238
17144.0,2,984.57,0
17146.0,3,749.78,105
17147.0,4,1714.59,22
17148.0,1,124.88,51
17152.0,3,1689.5,194
17153.0,1,213.78,23
17154.0,1,329.34,74
17155.0,2,251.7,17
17157.0,2,319.0,7
17158.0,3,1266.97,31
17159.0,3,1538.88,21
17160.0,6,3518.03,30
17162.0,10,1715.46,28
17163.0,2,293.1,21
17164.0,7,2467.35,32
17165.0,1,158.68,283
17166.0,2,206.34,38
17169.0,2,835.78,57
17171.0,1,224.91,288
17172.0,1,317.76,78
17173.0,8,3766.6,4
17174.0,1,59.9,217
17175.0,4,1443.69,43
17176.0,1,306.13,201
17179.0,3,711.79,177
17180.0,4,783.97,55
17181.0,2,239.92000000000002,56
17183.0,6,3347.31,7
17186.0,2,144.0,46
17187.0,1,203.95,226
17188.0,7,2474.23,10
17189.0,2,383.75,105
17190.0,2,444.74,58
17191.0,7,2093.68,27
17193.0,7,1699.3,35
17194.0,2,262.62,273
17197.0,1,1013.01,29
17198.0,3,692.22,23
17201.0,1,289.78000000000003,53
17203.0,6,3560.08,35
17204.0,4,1564.56,174
17205.0,1,384.08,53
17206.0,1,204.24,52
17211.0,8,2317.2200000000003,26
17212.0,1,226.85,252
17213.0,7,2781.23,39
17214.0,6,1059.1200000000001,59
17217.0,1,113.5,233
17218.0,10,1951.97,3
17219.0,1,114.23,31
17220.0,14,3187.55,23
17221.0,2,334.48,6
17222.0,1,328.65,64
17223.0,2,416.89,309
17226.0,1,393.49,308
17227.0,6,939.32,18
17228.0,8,1906.09,15
17229.0,2,318.76,95
17230.0,8,3638.41,263
17231.0,10,3124.72,11
17232.0,2,417.77,2
17233.0,1,190.88,34
17234.0,1,149.89,182
17235.0,2,550.0600000000001,24
17236.0,6,916.13,12
17237.0,2,314.69,10
17238.0,17,3719.1,2
17239.0,1,382.5,312
17242.0,2,1135.04,107
17243.0,26,8540.05,0
17244.0,1,954.9,52
17245.0,1,171.45000000000002,204
17247.0,1,280.09000000000003,14
17248.0,1,318.65,119
17250.0,2,381.97,3
17251.0,1,269.83,362
17252.0,2,348.90999999999997,116
17253.0,1,178.26,17
17254.0,2,271.19,4
17255.0,2,291.48,40
17256.0,2,240.0,106
17259.0,2,581.23,147
17262.0,5,1253.3600000000001,51
17263.0,1,63.440000000000005,207
17265.0,2,550.01,138
17266.0,3,296.58,1
17267.0,2,317.2,126
17268.0,4,763.64,107
17272.0,4,2148.63,41
17274.0,1,107.82,34
17277.0,2,1065.3500000000001,227
17278.0,1,246.04000000000002,240
17279.0,1,187.82999999999998,57
17282.0,3,1685.46,129
17284.0,6,1647.48,59
17286.0,1,151.37,21
17287.0,7,1049.06,25
17288.0,7,1417.6299999999999,8
17289.0,3,931.02,31
17290.0,2,513.01,3
17291.0,1,550.8000000000001,307
17293.0,9,1854.06,7
17295.0,3,547.0,28
17297.0,1,128.18,16
17298.0,2,498.42,100
17299.0,4,656.61,11
17301.0,1,163.24,20
17302.0,5,1135.63,14
17303.0,1,250.04,360
17306.0,19,8631.31,10
17309.0,1,82.75,94
17311.0,2,1384.85,77
17312.0,3,644.3,138
17313.0,1,2328.84,30
17314.0,8,2527.92,24
17315.0,38,6281.2300000000005,1
17317.0,3,2600.34,45
17320.0,3,1200.6200000000001,99
17321.0,2,657.16,7
17323.0,7,906.52,14
17324.0,4,986.48,17
17325.0,1,96.8,279
17329.0,2,523.11,13
17330.0,2,363.9,22
17331.0,1,175.2,123
17333.0,1,494.25,85
17334.0,2,307.02000000000004,301
17337.0,4,1981.06,150
17338.0,8,6493.54,16
17339.0,2,243.36,93
17340.0,11,12353.29,29
17341.0,3,682.29,156
17343.0,1,193.64,354
17344.0,1,157.62,45
17345.0,4,519.6899999999999,14
17346.0,15,2622.88,3
17347.0,1,228.96,85
17348.0,5,1156.6,14
17349.0,1,98.25,178
17350.0,4,1281.32,7
17351.0,3,587.15,35
17353.0,2,1740.0,128
17354.0,1,1393.06,50
17356.0,1,178.22,311
17357.0,2,384.39,23
17358.0,2,360.81,302
17359.0,1,127.86,10
17360.0,3,568.24,16
17361.0,3,488.2,48
17362.0,2,312.23,238
17364.0,11,4462.68,0
17365.0,8,4767.36,12
17367.0,1,167.55,237
17368.0,8,1878.87,22
17370.0,4,446.18,72
17371.0,3,418.4,16
17372.0,8,1337.18,40
17373.0,4,646.92,39
17374.0,2,495.77,218
17375.0,3,400.1,198
17376.0,2,203.2,70
17377.0,20,4058.32,23
17379.0,1,389.71999999999997,10
17381.0,29,20275.61,8
17382.0,1,65.4,64
17383.0,1,193.39000000000001,3
17384.0,2,336.4,18
17385.0,1,256.11,14
17386.0,6,2686.42,7
17387.0,2,746.81,19
17388.0,4,1259.56,77
17389.0,34,31833.68,0
17391.0,2,508.8,163
17392.0,2,417.27,306
17394.0,1,203.86999999999998,218
17396.0,8,7330.8,38
17397.0,2,681.41,21
17398.0,3,653.38,114
17400.0,5,2097.84,125
17402.0,13,2633.85,4
17403.0,1,263.92,35
17404.0,15,31906.82,3
17405.0,3,1031.41,0
17406.0,3,2184.42,332
17408.0,1,32.65,162
17409.0,2,771.85,184
17410.0,5,1214.72,15
17411.0,3,778.94,11
17412.0,7,1258.06,2
17414.0,2,778.0,43
17415.0,1,507.84,79
17416.0,7,6893.42,29
17418.0,2,463.46000000000004,41
17419.0,12,4226.57,10
17420.0,3,598.83,49
17422.0,6,1979.37,15
17423.0,2,698.41,45
17425.0,2,759.1700000000001,18
17426.0,6,5037.26,7
17427.0,1,100.8,71
17428.0,28,17256.85,0
17429.0,3,524.9200000000001,127
17430.0,2,265.76,32
17431.0,1,403.3,312
17432.0,2,365.76,17
17433.0,1,303.16,87
17434.0,7,2373.82,1
17436.0,2,216.3,1
17438.0,1,388.45000000000005,253
17440.0,3,186.42000000000002,156
17442.0,6,2248.56,36
17443.0,1,534.24,219
17444.0,3,2940.04,147
17446.0,2,120.89999999999999,176
17447.0,2,541.53,39
17449.0,7,2519.21,1
17450.0,46,194390.79,7
17451.0,7,1721.4,0
17453.0,2,486.72,17
17454.0,4,517.53,191
17455.0,1,131.7,203
17456.0,1,249.86,364
17457.0,5,1737.7,126
17458.0,1,316.5,14
17459.0,2,657.3,42
17460.0,6,622.4300000000001,93
17461.0,3,735.82,22
17462.0,2,675.69,59
17463.0,5,1875.8600000000001,15
17464.0,1,289.96000000000004,157
17466.0,2,763.28,9
17468.0,2,137.0,9
17469.0,5,1870.97,15
17470.0,5,1125.07,44
17472.0,3,697.54,190
17475.0,1,194.37,78
17480.0,1,511.82,77
17481.0,4,1255.59,3
17483.0,3,414.04,64
17486.0,1,396.87,260
17489.0,2,376.64,58
17490.0,7,2092.32,0
17491.0,10,3558.87,0
17492.0,1,374.57,247
17495.0,2,497.56,7
17496.0,1,271.05,358
17498.0,1,272.21999999999997,75
17499.0,1,622.88,289
17500.0,3,1138.0,16
17501.0,2,288.6,220
17502.0,4,689.1,8
17503.0,2,558.96,2
17504.0,9,2997.03,205
17505.0,2,1145.8400000000001,161
17506.0,1,302.2,75
17507.0,2,605.58,261
17508.0,1,387.31,280
17509.0,8,6083.64,57
17510.0,1,308.48,24
17511.0,31,91062.38,2
17512.0,10,2924.9900000000002,28
17513.0,1,513.2,71
17514.0,1,208.65,127
17515.0,4,639.02,30
17516.0,5,764.88,14
17517.0,1,153.94,308
17519.0,6,1844.02,16
17520.0,1,546.81,53
17521.0,3,723.21,29
17522.0,5,1070.71,1
17523.0,4,652.74,10
17524.0,1,145.0,360
17525.0,1,422.7,359
17526.0,4,1195.8999999999999,4
17527.0,4,939.37,53
17528.0,8,3628.5,0
17530.0,10,2367.12,0
17531.0,1,296.7,189
17534.0,1,223.36,53
17535.0,1,164.4,279
17536.0,1,76.5,176
17537.0,2,887.6700000000001,29
17538.0,1,98.42,25
17540.0,2,578.9,24
17542.0,1,170.75,269
17545.0,3,642.32,42
17548.0,1,103.3,233
17549.0,2,148.86,23
17550.0,3,267.16,196
17551.0,1,290.34,358
17552.0,4,930.41,59
17553.0,1,1487.6,129
17554.0,5,1952.45,0
17555.0,2,480.31,19
17556.0,1,157.9,205
17557.0,3,541.46,13
17560.0,4,854.95,94
17561.0,1,165.12,18
17562.0,7,1122.38,13
17564.0,3,454.01,23
17566.0,2,869.77,7
17567.0,8,4331.48,6
17569.0,1,344.14,331
17571.0,4,1425.67,49
17572.0,4,226.75000000000003,70
17573.0,3,380.6,28
17574.0,1,185.65,242
17576.0,19,3564.83,7
17578.0,1,143.45999999999998,217
17579.0,3,448.90000000000003,4
17580.0,3,215.72,252
17581.0,25,11025.24,0
17582.0,1,175.27,235
17584.0,2,1242.3,6
17585.0,4,1116.68,108
17588.0,3,1240.2,99
17589.0,4,2404.17,59
17590.0,3,1468.02,1
17591.0,7,2203.67,72
17593.0,5,3923.86,3
17594.0,2,993.1800000000001,84
17595.0,2,386.69,11
17596.0,7,2806.69,22
17597.0,1,2044.3700000000001,213
17600.0,1,161.67000000000002,17
17601.0,1,116.00999999999999,238
17602.0,6,5054.42,1
17603.0,1,394.72,77
17604.0,2,309.36,216
17608.0,2,191.99,32
17609.0,5,1105.78,40
17611.0,15,3961.12,6
17612.0,6,2048.45,52
17613.0,14,4544.55,22
17614.0,1,386.32,56
17615.0,3,329.6,129
17616.0,3,571.1999999999999,173
17618.0,3,930.28,5
17619.0,1,214.37,311
17620.0,1,81.44,59
17621.0,3,1379.9,20
17623.0,1,527.05,32
17624.0,2,843.48,14
17625.0,4,2020.4,17
17628.0,1,75.75,80
17629.0,8,1814.1200000000001,5
17630.0,2,503.6,169
17631.0,3,528.33,1
17633.0,4,1324.84,30
17634.0,9,2358.59,35
17636.0,1,285.56,18
17637.0,2,547.0600000000001,30
17639.0,1,108.5,275
17640.0,1,621.66,86
17642.0,2,712.29,119
17643.0,1,101.55,372
17644.0,11,2895.64,0
17646.0,3,1008.39,218
17647.0,1,133.06,64
17648.0,4,1797.5,60
17649.0,1,868.49,137
17650.0,1,166.07999999999998,20
17651.0,10,3945.0,11
17652.0,12,4867.72,24
17653.0,4,1207.56,36
17654.0,1,117.55,276
17655.0,7,2638.94,10
17656.0,5,1674.69,72
17658.0,2,595.42,25
17659.0,12,2999.46,16
17660.0,1,178.75,140
17663.0,7,1802.91,25
17664.0,2,604.64,18
17666.0,2,728.16,3
17667.0,5,2055.51,65
17668.0,2,347.75,0
17669.0,7,3406.7200000000003,42
17670.0,1,205.7,227
17671.0,4,1572.71,15
17672.0,2,3178.17,49
17673.0,6,1594.97,1
17674.0,2,551.04,73
17675.0,31,20374.28,0
17676.0,6,1371.18,3
17677.0,30,16345.38,1
17678.0,1,298.11,263
17679.0,2,1992.1100000000001,52
17680.0,1,184.4,23
17682.0,6,2474.33,9
17684.0,1,239.41,43
17685.0,7,3155.83,16
17686.0,7,5739.46,6
17690.0,15,4726.8,29
17691.0,2,290.40000000000003,357
17692.0,4,740.94,126
17693.0,1,200.47,136
17694.0,1,283.12,141
17695.0,2,765.34,131
17696.0,8,2285.71,37
17697.0,1,338.95,235
17698.0,1,154.95,260
17700.0,4,2534.64,16
17701.0,1,417.95,252
17702.0,4,1824.37,29
17703.0,3,798.74,34
17704.0,2,885.19,168
17705.0,9,1823.52,2
17706.0,17,10504.49,3
17707.0,2,152.4,184
17708.0,2,263.33,187
17709.0,1,137.45,169
17711.0,2,385.1,10
17712.0,1,522.91,44
17714.0,1,153.0,320
17715.0,1,326.4,200
17716.0,11,5655.99,22
17718.0,1,139.35,231
17719.0,15,5396.04,37
17720.0,4,1195.94,25
17722.0,4,2424.04,95
17723.0,6,3276.4000000000005,126
17724.0,3,1033.0,70
17725.0,11,3439.08,15
17727.0,1,1060.25,14
17728.0,3,2876.01,3
17730.0,13,5298.4800000000005,2
17731.0,4,1240.11,78
17732.0,1,303.97,372
17733.0,2,692.19,38
17734.0,3,700.63,53
17735.0,19,13110.02,1
17736.0,3,377.44,8
17737.0,2,168.24,8
17738.0,4,1879.05,18
17739.0,7,2791.35,11
17742.0,2,355.11,112
17744.0,6,2322.4,3
17746.0,1,110.25,239
17747.0,1,71.4,112
17749.0,2,674.52,177
17750.0,9,1710.45,4
17752.0,1,80.64,358
17754.0,5,1664.6499999999999,0
17757.0,30,5593.39,0
17758.0,8,3408.2,18
17759.0,3,819.96,16
17760.0,2,287.59,21
17761.0,1,712.78,32
17763.0,1,15.0,262
17764.0,2,772.55,50
17765.0,3,367.63,158
17767.0,1,271.2,14
17768.0,3,2081.9,7
17769.0,10,3957.43,12
17770.0,5,1143.27,198
17771.0,2,245.81,56
17772.0,2,173.45,10
17774.0,4,1213.73,96
17775.0,1,56.4,254
17777.0,3,647.56,24
17779.0,3,650.32,20
17781.0,2,188.02,158
17783.0,2,283.47,71
17785.0,1,131.94,52
17786.0,2,266.85,84
17787.0,4,1817.54,152
17788.0,2,1117.9,73
17789.0,1,225.9,280
17790.0,14,1964.3,26
17791.0,1,106.1,29
17793.0,1,300.34,24
17795.0,2,342.83,179
17796.0,4,690.0,39
17797.0,3,780.43,21
17799.0,10,3039.17,21
17800.0,9,1187.21,36
17802.0,3,1285.04,81
17805.0,1,512.31,73
17806.0,1,546.04,10
17809.0,12,5411.91,15
17811.0,39,7761.82,3
17812.0,4,699.81,12
17813.0,5,1698.07,13
17816.0,4,36.56,36
17817.0,3,387.68,3
17819.0,7,3704.87,71
17824.0,1,298.4,50
17827.0,5,1987.33,4
17828.0,4,1820.09,22
17829.0,1,889.24,298
17830.0,3,398.7,1
17831.0,1,35.400000000000006,32
17832.0,1,155.37,49
17835.0,3,342.24,2
17836.0,1,110.21000000000001,46
17837.0,8,1541.23,41
17838.0,5,2720.8,26
17839.0,1,318.15,41
17841.0,124,40519.84,1
17843.0,1,205.48,302
17844.0,1,51.559999999999995,106
17846.0,1,2033.1,84
17848.0,9,901.2,80
17849.0,4,605.8000000000001,217
17850.0,34,5391.21,371
17852.0,2,114.34,11
17854.0,2,311.26,184
17855.0,1,208.97,372
17856.0,4,1418.03,1
17857.0,23,26879.04,3
17858.0,12,5140.66,5
17859.0,1,141.92,304
17860.0,1,226.45000000000002,368
17861.0,8,2097.88,2
17862.0,1,330.9,323
17863.0,6,3160.0,58
17864.0,3,554.85,12
17865.0,20,10526.32,30
17866.0,1,329.65000000000003,142
17867.0,6,1157.8700000000001,29
17869.0,5,428.18,106
17870.0,12,1865.8899999999999,1
17871.0,1,155.9,204
17873.0,5,1848.96,79
17874.0,6,683.46,184
17877.0,1,237.61,169
17878.0,1,379.45,43
17879.0,1,178.52,173
17880.0,1,458.92,364
17881.0,1,133.35,303
17883.0,4,664.34,2
17884.0,4,695.07,3
17885.0,1,156.34,11
17886.0,3,869.28,31
17887.0,1,111.35,128
17888.0,8,716.0,20
17889.0,2,201.37,211
17890.0,2,586.89,322
17891.0,1,203.85999999999999,161
17892.0,3,244.1,55
17893.0,1,107.21,224
17894.0,8,1118.96,71
17895.0,1,95.45,43
17896.0,1,256.32,22
17897.0,3,541.81,172
17898.0,2,152.06,84
17899.0,1,154.55,158
17900.0,2,112.19999999999999,189
17901.0,1,110.38,28
17904.0,1,181.07,20
17905.0,4,798.99,70
17906.0,1,72.9,246
17908.0,1,232.03,373
17911.0,1,366.23,8
17912.0,5,310.06,309
17913.0,2,408.65,58
17914.0,1,329.36,3
17917.0,3,335.03,44
17919.0,1,1304.04,87
17920.0,17,4119.5,3
17921.0,4,820.23,63
17923.0,1,207.50000000000003,281
17924.0,7,2962.5,11
17925.0,1,244.08,372
17926.0,2,397.29,132
17928.0,2,212.54,44
17929.0,4,843.0,10
17930.0,5,1740.48,35
17931.0,2,408.36,133
17932.0,3,1331.57,28
17934.0,2,704.25,51
17935.0,2,145.79,137
17936.0,1,380.13,4
17937.0,7,4301.22,8
17939.0,1,99.14,159
17940.0,10,4020.04,48
17941.0,1,304.56,130
17942.0,1,77.50000000000001,7
17946.0,2,149.57999999999998,232
17947.0,1,176.68,36
17948.0,1,358.56000000000006,146
17949.0,45,58510.48,0
17950.0,3,482.2,71
17951.0,3,1008.5400000000001,39
17954.0,12,2314.13,4
17955.0,4,557.3,198
17956.0,1,12.75,248
17957.0,1,111.68,65
17958.0,1,508.46000000000004,116
17960.0,1,73.78,170
17961.0,39,1296.44,20
17962.0,1,102.41,141
17964.0,2,463.21,31
17965.0,14,2599.19,37
17966.0,5,1098.43,37
17967.0,1,112.27,371
17968.0,1,265.1,373
17969.0,2,228.2,165
17970.0,1,562.79,210
17972.0,1,135.19,241
17973.0,1,337.04,51
17974.0,3,703.99,24
17975.0,13,4483.26,14
17976.0,1,321.79,371
17977.0,1,288.14,28
17978.0,1,300.91999999999996,364
17979.0,4,732.41,35
17980.0,3,811.45,165
17984.0,1,152.68,144
17985.0,1,631.35,21
17986.0,1,20.8,55
17987.0,1,198.57,184
17988.0,7,201.12,11
17990.0,3,630.84,236
17991.0,2,93.35,224
17994.0,4,674.89,121
17995.0,1,76.1,281
17997.0,8,1962.46,73
17999.0,2,380.39,36
18001.0,2,415.13,11
18004.0,1,157.92,361
18005.0,2,226.47,3
18006.0,1,444.68,22
18008.0,9,2116.19,69
18009.0,1,247.39,234
18010.0,1,174.8,256
18011.0,1,102.78999999999999,372
18013.0,2,187.29,154
18014.0,1,162.22,27
18015.0,1,120.03,3
18016.0,5,1477.66,31
18017.0,3,523.0,80
18018.0,2,122.14,107
18019.0,1,38.45,51
18022.0,1,612.72,35
18024.0,2,389.78,152
18027.0,1,115.31,98
18030.0,2,230.64999999999998,3
18032.0,1,73.5,333
18033.0,1,93.82000000000001,64
18034.0,2,418.68,21
18035.0,3,713.89,35
18036.0,3,403.12,31
18037.0,6,70.02,153
18040.0,2,357.20000000000005,18
18041.0,21,4097.37,11
18042.0,1,165.04999999999998,53
18043.0,3,529.29,24
18044.0,10,2088.6,3
18045.0,1,178.34,44
18048.0,2,172.29000000000002,202
18050.0,1,74.4,358
18053.0,1,300.02,70
18055.0,10,6761.34,6
18056.0,1,363.65,287
18058.0,1,170.16,9
18059.0,3,306.46,22
18061.0,10,2119.41,21
18062.0,3,720.52,172
18064.0,2,814.0,132
18065.0,14,2392.83,5
18066.0,1,318.0,74
18067.0,1,396.33,39
18068.0,1,101.7,288
18069.0,5,2009.24,25
18071.0,2,453.0,257
18072.0,1,247.44,185
18073.0,12,3859.82,113
18074.0,1,489.6,373
18075.0,10,2611.75,22
18077.0,11,2584.41,7
18078.0,2,336.13,216
18079.0,4,3613.15,44
18080.0,2,1231.5,18
18081.0,3,343.45,35
18082.0,1,680.84,25
18084.0,1,90.48,15
18085.0,2,689.95,329
18086.0,1,101.34,273
18087.0,2,4055.7200000000003,97
18088.0,1,166.03,60
18092.0,11,9068.26,1
18093.0,4,2106.52,92
18094.0,7,3017.3,81
18095.0,2,580.05,312
18096.0,3,849.06,11
18097.0,6,2662.4,7
18099.0,1,168.31,126
18101.0,2,222.4,10
18102.0,60,259657.3,0
18104.0,1,754.64,36
18105.0,1,113.48000000000002,37
18106.0,1,421.9,329
18108.0,1,271.0,253
18109.0,26,8004.92,1
18110.0,1,198.8,19
18112.0,2,352.69,11
18113.0,1,76.32000000000001,368
18114.0,1,220.1,289
18116.0,8,1403.1100000000001,67
18117.0,1,315.65,25
18118.0,26,5625.08,10
18119.0,1,180.7,367
18120.0,1,111.15,213
18121.0,2,653.3000000000001,148
18122.0,6,1793.06,7
18123.0,2,574.4399999999999,23
18125.0,4,1131.75,29
18126.0,1,200.92,60
18127.0,3,347.08,18
18129.0,1,112.55000000000001,242
18130.0,3,1059.39,14
18133.0,1,931.5,211
18135.0,5,681.91,28
18136.0,3,784.33,62
18138.0,1,152.65,294
18139.0,6,8438.34,17
18142.0,2,1019.52,156
18143.0,2,1000.16,116
18144.0,12,2888.75,7
18145.0,4,2861.55,12
18146.0,2,160.35,140
18147.0,2,179.34,45
18149.0,3,612.0799999999999,50
18150.0,3,566.58,31
18151.0,2,653.35,134
18154.0,2,399.19,2
18155.0,3,371.62,74
18156.0,2,675.64,12
18158.0,2,453.4,8
18159.0,1,530.15,300
18160.0,2,638.0600000000001,56
18161.0,5,1618.69,14
18164.0,1,399.65,36
18165.0,1,302.46,176
18167.0,3,1384.8600000000001,22
18168.0,6,1160.04,175
18169.0,1,202.65,60
18170.0,3,980.3100000000001,32
18171.0,5,1231.31,58
18172.0,20,7561.68,14
18173.0,4,2106.84,86
18174.0,1,104.0,6
18176.0,1,476.35,357
18177.0,6,1340.8700000000001,30
18178.0,4,1590.81,128
18179.0,6,1793.17,8
18180.0,6,1843.75,4
18181.0,1,366.85,23
18183.0,2,632.07,226
18184.0,1,49.8,14
18185.0,1,304.25,248
18188.0,3,2001.04,14
18189.0,2,1090.24,77
18190.0,2,284.46000000000004,191
18191.0,1,207.8,261
18192.0,1,957.97,71
18193.0,1,243.76,164
18194.0,1,973.84,81
18196.0,2,686.63,94
18198.0,17,5425.56,3
18200.0,1,150.35,105
18202.0,3,1396.99,199
18203.0,1,160.42000000000002,156
18204.0,3,1975.3500000000001,70
18205.0,2,517.36,35
18209.0,1,139.10000000000002,28
18210.0,6,2621.38,1
18211.0,5,600.07,25
18212.0,1,216.07,325
18213.0,1,232.48000000000002,236
18215.0,1,299.34000000000003,88
18216.0,1,481.75,30
18217.0,2,621.75,28
18218.0,2,641.92,210
18219.0,10,2069.77,2
18220.0,1,305.28,226
18221.0,5,1041.61,21
18222.0,1,443.0,92
18223.0,14,6484.54,4
18224.0,1,158.95000000000002,263
18225.0,12,5504.96,2
18226.0,11,5228.05,43
18227.0,1,93.75,217
18228.0,2,779.9,56
18229.0,20,7276.9,11
18230.0,7,2810.2000000000003,8
18231.0,5,2071.77,191
18232.0,4,592.97,81
18233.0,1,440.0,325
18235.0,3,1796.48,71
18236.0,6,882.24,29
18237.0,5,987.1,2
18239.0,5,1561.6100000000001,218
18240.0,1,422.58,45
18241.0,17,2073.09,9
18242.0,4,2232.4900000000002,71
18245.0,7,2567.06,6
18246.0,2,596.1,23
18248.0,2,804.02,122
18249.0,1,95.34,16
18250.0,1,349.27,309
18251.0,1,4314.72,86
18252.0,2,518.27,50
18255.0,1,103.30000000000001,88
18257.0,8,2337.63,38
18259.0,3,2338.6,24
18260.0,6,2628.35,172
18261.0,2,324.24,42
18262.0,1,149.48,139
18263.0,3,1213.16,25
18265.0,2,801.51,71
18268.0,1,25.5,133
18269.0,1,168.60000000000002,365
18270.0,2,283.15000000000003,37
18272.0,6,3078.58,2
18273.0,3,204.0,1
18274.0,1,175.92,29
18276.0,1,335.86,43
18277.0,1,110.38,57
18278.0,1,173.9,73
18280.0,1,180.60000000000002,277
18281.0,1,80.82,180
18282.0,2,178.05,7
18283.0,16,2045.53,3
18287.0,3,1837.28,42
