antecedents,consequents,support,confidence,lift
22698,22697,0.031660154293157,0.8261437908496733,16.279844376052495
22697,22698,0.031660154293157,0.6238894373149063,16.279844376052495
23300,23301,0.027351968740607153,0.7203166226912928,15.749135183092646
23301,23300,0.027351968740607153,0.5980284775465498,15.749135183092646
22698,22699,0.0299569181444745,0.7816993464052288,14.651908312620822
22699,22698,0.0299569181444745,0.5615023474178403,14.65190831262082
22697,22699,0.03842300370704338,0.7571569595261599,14.191894108977657
22699,22697,0.03842300370704338,0.7201877934272299,14.191894108977655
22630,22629,0.026901112113014727,0.6317647058823529,14.012541176470586
22629,22630,0.026901112113014727,0.5966666666666666,14.012541176470586
23199,23200,0.020338643422502755,0.4151329243353783,13.927535185853483
23200,23199,0.020338643422502755,0.6823529411764706,13.927535185853483
20724,22356,0.02609958921951708,0.5048449612403101,13.581826302262897
22356,20724,0.02609958921951708,0.7021563342318058,13.581826302262895
20719,20723,0.020338643422502755,0.48739495798319327,13.475593007286015
20723,20719,0.020338643422502755,0.5623268698060941,13.475593007286015
20724,20723,0.024346257889990983,0.47093023255813954,13.020372994910778
20723,20724,0.024346257889990983,0.6731301939058172,13.020372994910778
20723,22355,0.020739404869251576,0.5734072022160664,12.977726270563625
22355,20723,0.020739404869251576,0.4693877551020407,12.977726270563624
22355,22356,0.020539024145877167,0.46485260770975056,12.505913416579569
22356,22355,0.020539024145877167,0.5525606469002695,12.505913416579569
22726,22727,0.032010820559062216,0.6520408163265305,12.38443270743121
22727,22726,0.032010820559062216,0.6079923882017126,12.38443270743121
22355,20719,0.022793307283839295,0.5158730158730158,12.362373520836904
20719,22355,0.022793307283839295,0.5462184873949579,12.362373520836904
20724,20719,0.025298066326019438,0.48934108527131787,11.7265627181105
20719,20724,0.025298066326019438,0.6062424969987995,11.7265627181105
22086,22910,0.02765253982566877,0.47586206896551725,11.584339781328847
22910,22086,0.02765253982566877,0.673170731707317,11.584339781328847
22728,22727,0.023494639815649733,0.598978288633461,11.37659809486313
22727,22728,0.023494639815649733,0.4462416745956232,11.376598094863128
20724,22355,0.02534816150686304,0.4903100775193798,11.097017876918208
22355,20724,0.02534816150686304,0.5736961451247165,11.097017876918207
22728,22726,0.02093978559262599,0.5338441890166028,10.874079286887168
22726,22728,0.02093978559262599,0.4265306122448979,10.874079286887167
82494L,82482,0.025298066326019438,0.554945054945055,10.070739260739261
82482,82494L,0.025298066326019438,0.4590909090909091,10.070739260739261
23203,23202,0.025849113315299068,0.4191714053614947,9.519339697185618
23202,23203,0.025849113315299068,0.5870307167235495,9.519339697185616
22470,22469,0.024696924155896204,0.532972972972973,8.858623219389248
22469,22470,0.024696924155896204,0.4104912572855954,8.858623219389248
21931,20712,0.022492736198777678,0.37922297297297297,8.771783298362093
20712,21931,0.022492736198777678,0.5202780996523754,8.771783298362092
22411,21928,0.020138262699128343,0.34212765957446806,8.473390000527955
21928,22411,0.020138262699128343,0.4987593052109181,8.473390000527955
84991,21212,0.02269311692215209,0.5471014492753624,8.27366600790514
21212,84991,0.02269311692215209,0.3431818181818182,8.27366600790514
21929,22411,0.020889690411782385,0.4820809248554913,8.190042061247079
22411,21929,0.020889690411782385,0.35489361702127653,8.190042061247079
20712,22386,0.021490832581905622,0.49710312862108924,8.14710398483923
22386,20712,0.021490832581905622,0.3522167487684729,8.14710398483923
20726,22382,0.023995591624085762,0.4709931170108161,8.12615782348307
22382,20726,0.023995591624085762,0.4140017286084702,8.12615782348307
20728,22384,0.02514778078348863,0.4365217391304348,7.994355005983246
22384,20728,0.02514778078348863,0.4605504587155963,7.994355005983246
20727,22384,0.02725177837891995,0.42733699921445406,7.826147870017368
22384,20727,0.02725177837891995,0.4990825688073394,7.826147870017368
23209,23206,0.022091974752028856,0.40163934426229514,7.738923349579089
23206,23209,0.022091974752028856,0.4256756756756757,7.738923349579088
85099C,22411,0.021090071135156797,0.4512325830653805,7.665961551617979
22411,85099C,0.021090071135156797,0.3582978723404255,7.665961551617978
20728,20726,0.022442641017934074,0.38956521739130434,7.646510196229318
20726,20728,0.022442641017934074,0.4405113077679449,7.646510196229318
85099C,21931,0.0211401663160004,0.45230439442658094,7.62576040670896
21931,85099C,0.0211401663160004,0.3564189189189189,7.62576040670896
22411,21931,0.02624987476204789,0.44595744680851057,7.51875215641173
21931,22411,0.02624987476204789,0.44256756756756754,7.51875215641173
21977,21212,0.021540927762749223,0.49482163406214036,7.483052620567005
21212,21977,0.021540927762749223,0.32575757575757575,7.483052620567005
23209,23203,0.025247971145175834,0.45901639344262296,7.443448615679642
23203,23209,0.025247971145175834,0.40942323314378554,7.443448615679642
20728,22383,0.027001302474701935,0.46869565217391307,7.281013703265099
22383,20728,0.027001302474701935,0.41945525291828795,7.281013703265099
85099C,22386,0.020739404869251576,0.4437299035369775,7.272361522500119
22386,85099C,0.020739404869251576,0.3399014778325123,7.272361522500119
20728,22382,0.02414587716661657,0.4191304347826087,7.231358460786892
22382,20728,0.02414587716661657,0.4165946413137424,7.2313584607868915
22960,22961,0.02364492535818054,0.41696113074204944,7.162975982678821
22961,22960,0.02364492535818054,0.40619621342512907,7.162975982678821
22382,22383,0.026700731389640315,0.46067415730337075,7.156402745595242
22383,22382,0.026700731389640315,0.4147859922178988,7.156402745595242
22386,21931,0.025799018134455464,0.42282430213464695,7.1287320263613365
21931,22386,0.025799018134455464,0.43496621621621623,7.1287320263613365
22383,20727,0.029255585612664062,0.4544747081712062,7.126648958769535
20727,22383,0.029255585612664062,0.4587588373919874,7.126648958769535
20728,20727,0.026149684400360685,0.45391304347826084,7.11784145633389
20727,20728,0.026149684400360685,0.41005498821681063,7.11784145633389
20725,22384,0.030357679591223326,0.38722044728434507,7.091462907055134
22384,20725,0.030357679591223326,0.5559633027522936,7.091462907055133
22720,22722,0.020539024145877167,0.296028880866426,7.085525803184168
22722,22720,0.020539024145877167,0.4916067146282974,7.085525803184168
23203,23199,0.021390642220218414,0.346872461413485,7.080028706274016
23199,23203,0.021390642220218414,0.4366053169734151,7.080028706274015
20727,22382,0.025598637411081055,0.401413982717989,6.925692241155139
22382,20727,0.025598637411081055,0.44165946413137425,6.925692241155139
22383,20726,0.022492736198777678,0.34941634241245134,6.858455287352363
20726,22383,0.022492736198777678,0.4414945919370698,6.858455287352363
20726,20727,0.022242260294559665,0.4365781710914454,6.846012137727755
20727,20726,0.022242260294559665,0.3487824037706206,6.846012137727755
22384,22382,0.02144073740106202,0.39266055045871556,6.774667163575523
22382,22384,0.02144073740106202,0.36992221261884184,6.774667163575523
23206,22383,0.022492736198777678,0.4333976833976834,6.732672806213662
22383,23206,0.022492736198777678,0.34941634241245134,6.732672806213662
22383,22384,0.023444544634806132,0.3642023346303502,6.669914682468853
22384,22383,0.023444544634806132,0.4293577981651376,6.669914682468853
20725,20726,0.026350065123735097,0.33610223642172526,6.597121773304306
20726,20725,0.026350065123735097,0.5172074729596853,6.597121773304305
DOT,85099B,0.02429616270914738,0.6869688385269123,6.564515057287804
85099B,DOT,0.02429616270914738,0.23216850167544278,6.564515057287803
22386,22411,0.023444544634806132,0.3842364532019704,6.52776857771722
22411,22386,0.023444544634806132,0.3982978723404255,6.52776857771722
20725,22383,0.032812343452559865,0.4185303514376997,6.501714299921681
22383,20725,0.032812343452559865,0.5097276264591439,6.501714299921681
22386,85099B,0.04132852419597235,0.6773399014778325,6.472503165773333
85099B,22386,0.04132852419597235,0.3949258018190522,6.4725031657733325
20725,20727,0.032111010920749423,0.4095846645367412,6.4227251166397705
20727,20725,0.032111010920749423,0.5035349567949725,6.4227251166397705
21928,85099B,0.02710149283638914,0.6712158808933003,6.413983443940671
85099B,21928,0.02710149283638914,0.2589755864049785,6.41398344394067
85099F,85099B,0.026851016932171127,0.6600985221674878,6.307748539735467
85099B,85099F,0.026851016932171127,0.25658209669698423,6.307748539735467
20727,23206,0.02078950005009518,0.32600157109190886,6.281509036811472
23206,20727,0.02078950005009518,0.4005791505791506,6.281509036811472
22382,20725,0.028053301272417595,0.4840103716508211,6.173683730922487
20725,22382,0.028053301272417595,0.35782747603833864,6.173683730922486
20725,20728,0.027802825368199578,0.3546325878594249,6.155804972912905
20728,20725,0.027802825368199578,0.4826086956521739,6.155804972912905
20725,23206,0.024396353070834587,0.3111821086261981,5.995962598837999
23206,20725,0.024396353070834587,0.47007722007722014,5.995962598837999
85123A,21733,0.024496543432521792,0.22247497725204732,5.993313759656368
21733,85123A,0.024496543432521792,0.659919028340081,5.993313759656368
85099C,85099B,0.029305680793507663,0.6270096463022508,5.991558908322418
85099B,85099C,0.029305680793507663,0.2800382958353279,5.991558908322418
22385,85099B,0.021490832581905622,0.6253644314868805,5.975837616726237
85099B,22385,0.021490832581905622,0.20536141694590715,5.975837616726237
85099B,20712,0.026800921751327523,0.25610339875538535,5.9239119883603735
20712,85099B,0.026800921751327523,0.6199304750869061,5.9239119883603735
85099B,21931,0.03626891093076846,0.34657730971756817,5.843223189680824
21931,85099B,0.03626891093076846,0.6114864864864864,5.843223189680824
21929,85099B,0.025949303676986273,0.5988439306358382,5.722413855123314
85099B,21929,0.025949303676986273,0.24796553374820487,5.722413855123313
21930,85099B,0.020739404869251576,0.5872340425531914,5.611472454498233
85099B,21930,0.020739404869251576,0.19818094782192436,5.611472454498232
22411,85099B,0.03406472297364994,0.5787234042553192,5.530146766751883
85099B,22411,0.03406472297364994,0.3255146002872188,5.530146766751882
23209,20725,0.023143973549744516,0.4207650273224044,5.366972188760279
20725,23209,0.023143973549744516,0.2952076677316294,5.366972188760278
85099B,23199,0.027351968740607153,0.2613690761129727,5.334815436980738
23199,85099B,0.027351968740607153,0.558282208588957,5.334815436980738
22379,85099B,0.02078950005009518,0.5548128342245989,5.301662899373597
85099B,22379,0.02078950005009518,0.1986596457635232,5.301662899373596
22423,22697,0.025498447049393847,0.2560362173038229,5.045404708607022
22697,22423,0.025498447049393847,0.5024679170779862,5.045404708607022
47566,23298,0.024195972347460175,0.28664688427299706,4.993058554849536
23298,47566,0.024195972347460175,0.42146596858638746,4.993058554849535
22423,22699,0.026299969942891493,0.2640845070422535,4.949910731997619
22699,22423,0.026299969942891493,0.4929577464788732,4.949910731997619
85099B,23202,0.02129045185853121,0.20344662517951173,4.620252027114236
23202,85099B,0.02129045185853121,0.48350398179749715,4.620252027114236
23203,85099B,0.02890491934675884,0.4687246141348497,4.4790238139587695
85099B,23203,0.02890491934675884,0.2762087123025371,4.4790238139587695
23201,85099B,0.020739404869251576,0.4569536423841059,4.366543135122797
85099B,23201,0.020739404869251576,0.19818094782192436,4.366543135122797
20724,85099B,0.02129045185853121,0.4118217054263566,3.9352728021641603
85099B,20724,0.02129045185853121,0.20344662517951173,3.93527280216416
20725,85099B,0.029005109708446046,0.36996805111821085,3.5353289786604716
85099B,20725,0.029005109708446046,0.2771661081857348,3.535328978660471
85099B,22383,0.02028854824165915,0.1938726663475347,3.0117402067155545
22383,85099B,0.02028854824165915,0.3151750972762646,3.0117402067155545
85099B,22197,0.020038072337441138,0.19147917663954045,2.7459104339644442
22197,85099B,0.020038072337441138,0.28735632183908044,2.7459104339644442
