support,itemsets
0.04472106961733518,frozenset({'15036'})
0.03273397879207008,frozenset({'15056BL'})
0.04241585984324574,frozenset({'15056N'})
0.03112033195020747,frozenset({'16156S'})
0.043568464730290454,frozenset({'16161P'})
0.03296449976947902,frozenset({'16169E'})
0.03135085292761641,frozenset({'17003'})
0.03434762563393269,frozenset({'20675'})
0.04264638082065468,frozenset({'20676'})
0.03065928999538958,frozenset({'20677'})
0.03250345781466114,frozenset({'20679'})
0.0318118948824343,frozenset({'20682'})
0.07584140156754264,frozenset({'20685'})
0.03503918856615952,frozenset({'20711'})
0.05716920239741816,frozenset({'20712'})
0.04771784232365145,frozenset({'20713'})
0.034578146611341634,frozenset({'20717'})
0.054402950668510835,frozenset({'20718'})
0.05486399262332872,frozenset({'20719'})
0.05301982480405717,frozenset({'20723'})
0.07722452743199631,frozenset({'20724'})
0.12263715998155832,frozenset({'20725'})
0.08575380359612725,frozenset({'20726'})
0.10557860765329645,frozenset({'20727'})
0.11041954817888427,frozenset({'20728'})
0.055094513600737666,frozenset({'20749'})
0.05417242969110189,frozenset({'20750'})
0.035269709543568464,frozenset({'20754'})
0.08206546795758414,frozenset({'20914'})
0.036191793453204245,frozenset({'20969'})
0.03250345781466114,frozenset({'20970'})
0.06385431074227754,frozenset({'20971'})
0.07192254495159059,frozenset({'20972'})
0.04402950668510835,frozenset({'20973'})
0.04495159059474412,frozenset({'20974'})
0.05325034578146611,frozenset({'20975'})
0.03065928999538958,frozenset({'20978'})
0.03780544029506685,frozenset({'20979'})
0.036191793453204245,frozenset({'20981'})
0.03642231443061319,frozenset({'20982'})
0.04264638082065468,frozenset({'20983'})
0.03112033195020747,frozenset({'20984'})
0.03734439834024896,frozenset({'20992'})
0.11065006915629322,frozenset({'21034'})
0.03480866758875058,frozenset({'21035'})
0.03411710465652374,frozenset({'21078'})
0.09843245735361918,frozenset({'21080'})
0.038497003227293686,frozenset({'21086'})
0.04126325495620101,frozenset({'21094'})
0.036883356385431075,frozenset({'21108'})
0.05486399262332872,frozenset({'21121'})
0.04933148916551406,frozenset({'21122'})
0.04149377593360996,frozenset({'21124'})
0.059704933148916554,frozenset({'21136'})
0.03227293683725219,frozenset({'21137'})
0.04034117104656524,frozenset({'21154'})
0.04725680036883356,frozenset({'21155'})
0.04656523743660673,frozenset({'21156'})
0.03826648224988474,frozenset({'21164'})
0.04103273397879207,frozenset({'21165'})
0.06615952051636699,frozenset({'21166'})
0.04402950668510835,frozenset({'21169'})
0.054402950668510835,frozenset({'21172'})
0.05186721991701245,frozenset({'21174'})
0.07906869525126786,frozenset({'21175'})
0.08321807284462886,frozenset({'21181'})
0.05624711848778239,frozenset({'21210'})
0.14638082065467958,frozenset({'21212'})
0.06800368833563854,frozenset({'21213'})
0.034578146611341634,frozenset({'21216'})
0.038497003227293686,frozenset({'21217'})
0.049562010142923,frozenset({'21231'})
0.07192254495159059,frozenset({'21232'})
0.036883356385431075,frozenset({'21238'})
0.03250345781466114,frozenset({'21239'})
0.03434762563393269,frozenset({'21240'})
0.03411710465652374,frozenset({'21242'})
0.03065928999538958,frozenset({'21259'})
0.049562010142923,frozenset({'21314'})
0.03872752420470263,frozenset({'21326'})
0.03112033195020747,frozenset({'21328'})
0.04126325495620101,frozenset({'21340'})
0.0318118948824343,frozenset({'21380'})
0.035269709543568464,frozenset({'21385'})
0.0338865836791148,frozenset({'21411'})
0.0338865836791148,frozenset({'21429'})
0.042876901798063624,frozenset({'21430'})
0.058091286307053944,frozenset({'21479'})
0.05832180728446289,frozenset({'21481'})
0.04725680036883356,frozenset({'21484'})
0.0855232826187183,frozenset({'21485'})
0.04080221300138313,frozenset({'21497'})
0.05486399262332872,frozenset({'21498'})
0.04034117104656524,frozenset({'21499'})
0.03734439834024896,frozenset({'21500'})
0.03941908713692946,frozenset({'21506'})
0.03204241585984324,frozenset({'21507'})
0.03273397879207008,frozenset({'21509'})
0.046795758414015676,frozenset({'21523'})
0.057860765329645,frozenset({'21524'})
0.03296449976947902,frozenset({'21531'})
0.04817888427846934,frozenset({'21533'})
0.04702627939142462,frozenset({'21535'})
0.038497003227293686,frozenset({'21558'})
0.053711387736284005,frozenset({'21559'})
0.035961272475795295,frozenset({'21592'})
0.06154910096818811,frozenset({'21621'})
0.03204241585984324,frozenset({'21623'})
0.03895804518211157,frozenset({'21668'})
0.038497003227293686,frozenset({'21669'})
0.03642231443061319,frozenset({'21670'})
0.03780544029506685,frozenset({'21671'})
0.03665283540802213,frozenset({'21672'})
0.03550023052097741,frozenset({'21673'})
0.04034117104656524,frozenset({'21703'})
0.031581373905025356,frozenset({'21704'})
0.06131857999077916,frozenset({'21731'})
0.08875057630244353,frozenset({'21733'})
0.08298755186721991,frozenset({'21754'})
0.0776855693868142,frozenset({'21755'})
0.03872752420470263,frozenset({'21756'})
0.06062701705855233,frozenset({'21770'})
0.10350391885661595,frozenset({'21790'})
0.07883817427385892,frozenset({'21791'})
0.0599354541263255,frozenset({'21843'})
0.035269709543568464,frozenset({'21868'})
0.03065928999538958,frozenset({'21871'})
0.03250345781466114,frozenset({'21876'})
0.040110650069156296,frozenset({'21877'})
0.048409405255878286,frozenset({'21888'})
0.07745504840940526,frozenset({'21889'})
0.03296449976947902,frozenset({'21890'})
0.06085753803596127,frozenset({'21891'})
0.05417242969110189,frozenset({'21892'})
0.03411710465652374,frozenset({'21899'})
0.03826648224988474,frozenset({'21900'})
0.03296449976947902,frozenset({'21901'})
0.0479483633010604,frozenset({'21907'})
0.05071461502996773,frozenset({'21908'})
0.04633471645919779,frozenset({'21912'})
0.07053941908713693,frozenset({'21914'})
0.08045182111572154,frozenset({'21915'})
0.035961272475795295,frozenset({'21916'})
0.030428769017980636,frozenset({'21917'})
0.044490548639926235,frozenset({'21918'})
0.06085753803596127,frozenset({'21928'})
0.07100046104195482,frozenset({'21929'})
0.05071461502996773,frozenset({'21930'})
0.07676348547717843,frozenset({'21931'})
0.05025357307514984,frozenset({'21932'})
0.04564315352697095,frozenset({'21933'})
0.05140617796219456,frozenset({'21936'})
0.033656062701705854,frozenset({'21937'})
0.04080221300138313,frozenset({'21974'})
0.06615952051636699,frozenset({'21975'})
0.0417242969110189,frozenset({'21976'})
0.09451360073766712,frozenset({'21977'})
0.04426002766251729,frozenset({'21980'})
0.03296449976947902,frozenset({'21981'})
0.041954817888427844,frozenset({'21982'})
0.060396496081143385,frozenset({'21985'})
0.036883356385431075,frozenset({'21992'})
0.03480866758875058,frozenset({'21993'})
0.04149377593360996,frozenset({'22027'})
0.05394190871369295,frozenset({'22029'})
0.04126325495620101,frozenset({'22030'})
0.039880129091747346,frozenset({'22037'})
0.03411710465652374,frozenset({'22045'})
0.030428769017980636,frozenset({'22065'})
0.09520516366989396,frozenset({'22077'})
0.0437989857076994,frozenset({'22079'})
0.05763024435223606,frozenset({'22082'})
0.0677731673582296,frozenset({'22083'})
0.06385431074227754,frozenset({'22084'})
0.1413093591516828,frozenset({'22086'})
0.03573075149838635,frozenset({'22087'})
0.03273397879207008,frozenset({'22089'})
0.07491931765790687,frozenset({'22090'})
0.09797141539880129,frozenset({'22111'})
0.0880590133702167,frozenset({'22112'})
0.0776855693868142,frozenset({'22113'})
0.07491931765790687,frozenset({'22114'})
0.03503918856615952,frozenset({'22115'})
0.13393268787459658,frozenset({'22138'})
0.11249423697556478,frozenset({'22139'})
0.05901337021668972,frozenset({'22141'})
0.059704933148916554,frozenset({'22142'})
0.0735361917934532,frozenset({'22144'})
0.06615952051636699,frozenset({'22147'})
0.03411710465652374,frozenset({'22148'})
0.0776855693868142,frozenset({'22149'})
0.06639004149377593,frozenset({'22150'})
0.040110650069156296,frozenset({'22151'})
0.045182111572153065,frozenset({'22158'})
0.03803596127247579,frozenset({'22169'})
0.03273397879207008,frozenset({'22170'})
0.0396496081143384,frozenset({'22171'})
0.048409405255878286,frozenset({'22173'})
0.09289995389580452,frozenset({'22178'})
0.06316274781005071,frozenset({'22189'})
0.055094513600737666,frozenset({'22191'})
0.04126325495620101,frozenset({'22192'})
0.047487321346242506,frozenset({'22193'})
0.03411710465652374,frozenset({'22195'})
0.033656062701705854,frozenset({'22196'})
0.0938220378054403,frozenset({'22197'})
0.03411710465652374,frozenset({'22208'})
0.03342554172429691,frozenset({'22212'})
0.0437989857076994,frozenset({'22219'})
0.0417242969110189,frozenset({'22271'})
0.04863992623328723,frozenset({'22273'})
0.03872752420470263,frozenset({'22274'})
0.03734439834024896,frozenset({'22294'})
0.03573075149838635,frozenset({'22295'})
0.043568464730290454,frozenset({'22296'})
0.036191793453204245,frozenset({'22297'})
0.030889810972798526,frozenset({'22302'})
0.03573075149838635,frozenset({'22303'})
0.06477639465191333,frozenset({'22326'})
0.05232826187183034,frozenset({'22328'})
0.038497003227293686,frozenset({'22333'})
0.03319502074688797,frozenset({'22348'})
0.04264638082065468,frozenset({'22352'})
0.05739972337482711,frozenset({'22355'})
0.05071461502996773,frozenset({'22356'})
0.06869525126786538,frozenset({'22367'})
0.03319502074688797,frozenset({'22371'})
0.04310742277547257,frozenset({'22379'})
0.03065928999538958,frozenset({'22381'})
0.11295527893038267,frozenset({'22382'})
0.1000461041954818,frozenset({'22383'})
0.10235131396957123,frozenset({'22384'})
0.05693868142000922,frozenset({'22385'})
0.08575380359612725,frozenset({'22386'})
0.038497003227293686,frozenset({'22398'})
0.08644536652835408,frozenset({'22411'})
0.05255878284923928,frozenset({'22413'})
0.06224066390041494,frozenset({'22417'})
0.04126325495620101,frozenset({'22418'})
0.20308898109727985,frozenset({'22423'})
0.043568464730290454,frozenset({'22424'})
0.07169202397418165,frozenset({'22427'})
0.05232826187183034,frozenset({'22429'})
0.030198248040571692,frozenset({'22430'})
0.03665283540802213,frozenset({'22431'})
0.03642231443061319,frozenset({'22432'})
0.035269709543568464,frozenset({'22435'})
0.03227293683725219,frozenset({'22437'})
0.05071461502996773,frozenset({'22456'})
0.13531581373905024,frozenset({'22457'})
0.04402950668510835,frozenset({'22464'})
0.060396496081143385,frozenset({'22467'})
0.13208852005532504,frozenset({'22469'})
0.11180267404333795,frozenset({'22470'})
0.03273397879207008,frozenset({'22485'})
0.06408483171968649,frozenset({'22487'})
0.04863992623328723,frozenset({'22488'})
0.053480866758875055,frozenset({'22489'})
0.03734439834024896,frozenset({'22491'})
0.04910096818810512,frozenset({'22492'})
0.0500230520977409,frozenset({'22499'})
0.04310742277547257,frozenset({'22501'})
0.04034117104656524,frozenset({'22502'})
0.042876901798063624,frozenset({'22505'})
0.05301982480405717,frozenset({'22507'})
0.04080221300138313,frozenset({'22508'})
0.03296449976947902,frozenset({'22530'})
0.0396496081143384,frozenset({'22534'})
0.03434762563393269,frozenset({'22548'})
0.04495159059474412,frozenset({'22549'})
0.03135085292761641,frozenset({'22550'})
0.07814661134163209,frozenset({'22551'})
0.06477639465191333,frozenset({'22553'})
0.08091286307053942,frozenset({'22554'})
0.0677731673582296,frozenset({'22555'})
0.07030889810972799,frozenset({'22556'})
0.07261410788381743,frozenset({'22557'})
0.08367911479944674,frozenset({'22558'})
0.052789303826648225,frozenset({'22560'})
0.06639004149377593,frozenset({'22561'})
0.03434762563393269,frozenset({'22562'})
0.03941908713692946,frozenset({'22563'})
0.03112033195020747,frozenset({'22567'})
0.05624711848778239,frozenset({'22568'})
0.04426002766251729,frozenset({'22569'})
0.04656523743660673,frozenset({'22570'})
0.03503918856615952,frozenset({'22571'})
0.030198248040571692,frozenset({'22574'})
0.07906869525126786,frozenset({'22577'})
0.07653296449976948,frozenset({'22578'})
0.052097740894421395,frozenset({'22579'})
0.05555555555555555,frozenset({'22585'})
0.06316274781005071,frozenset({'22595'})
0.045182111572153065,frozenset({'22596'})
0.03250345781466114,frozenset({'22602'})
0.0417242969110189,frozenset({'22605'})
0.0516366989396035,frozenset({'22607'})
0.030428769017980636,frozenset({'22614'})
0.04495159059474412,frozenset({'22616'})
0.06823420931304748,frozenset({'22617'})
0.05763024435223606,frozenset({'22619'})
0.0599354541263255,frozenset({'22620'})
0.08437067773167359,frozenset({'22621'})
0.040110650069156296,frozenset({'22622'})
0.03803596127247579,frozenset({'22623'})
0.08667588750576302,frozenset({'22624'})
0.06731212540341171,frozenset({'22625'})
0.030889810972798526,frozenset({'22626'})
0.044490548639926235,frozenset({'22627'})
0.07422775472568004,frozenset({'22629'})
0.06615952051636699,frozenset({'22630'})
0.03872752420470263,frozenset({'22631'})
0.0599354541263255,frozenset({'22632'})
0.06915629322268327,frozenset({'22633'})
0.03573075149838635,frozenset({'22634'})
0.03296449976947902,frozenset({'22635'})
0.03250345781466114,frozenset({'22636'})
0.04333794375288151,frozenset({'22637'})
0.033656062701705854,frozenset({'22644'})
0.03711387736284002,frozenset({'22645'})
0.04264638082065468,frozenset({'22646'})
0.06062701705855233,frozenset({'22652'})
0.036191793453204245,frozenset({'22654'})
0.04910096818810512,frozenset({'22659'})
0.0396496081143384,frozenset({'22661'})
0.0714615029967727,frozenset({'22662'})
0.03941908713692946,frozenset({'22663'})
0.037574919317657905,frozenset({'22665'})
0.10857538035961273,frozenset({'22666'})
0.053711387736284005,frozenset({'22667'})
0.03734439834024896,frozenset({'22668'})
0.03296449976947902,frozenset({'22669'})
0.03250345781466114,frozenset({'22670'})
0.04564315352697095,frozenset({'22690'})
0.05325034578146611,frozenset({'22692'})
0.038497003227293686,frozenset({'22693'})
0.05255878284923928,frozenset({'22694'})
0.08921161825726141,frozenset({'22697'})
0.0735361917934532,frozenset({'22698'})
0.0975103734439834,frozenset({'22699'})
0.03250345781466114,frozenset({'22712'})
0.038497003227293686,frozenset({'22716'})
0.1475334255417243,frozenset({'22720'})
0.042185338865836794,frozenset({'22721'})
0.09059474412171507,frozenset({'22722'})
0.039188566159520516,frozenset({'22723'})
0.03941908713692946,frozenset({'22725'})
0.07422775472568004,frozenset({'22726'})
0.08944213923467036,frozenset({'22727'})
0.06708160442600276,frozenset({'22728'})
0.04126325495620101,frozenset({'22729'})
0.05555555555555555,frozenset({'22730'})
0.06408483171968649,frozenset({'22734'})
0.03411710465652374,frozenset({'22737'})
0.0338865836791148,frozenset({'22738'})
0.03872752420470263,frozenset({'22739'})
0.04979253112033195,frozenset({'22745'})
0.04126325495620101,frozenset({'22746'})
0.053711387736284005,frozenset({'22748'})
0.06339326878745966,frozenset({'22749'})
0.05693868142000922,frozenset({'22750'})
0.04241585984324574,frozenset({'22751'})
0.04333794375288151,frozenset({'22752'})
0.05832180728446289,frozenset({'22759'})
0.06408483171968649,frozenset({'22766'})
0.03503918856615952,frozenset({'22767'})
0.04241585984324574,frozenset({'22768'})
0.03872752420470263,frozenset({'22771'})
0.07538035961272475,frozenset({'22776'})
0.04426002766251729,frozenset({'22784'})
0.04241585984324574,frozenset({'22791'})
0.039188566159520516,frozenset({'22795'})
0.033656062701705854,frozenset({'22796'})
0.058091286307053944,frozenset({'22804'})
0.03250345781466114,frozenset({'22809'})
0.03642231443061319,frozenset({'22816'})
0.03480866758875058,frozenset({'22818'})
0.045873674504379895,frozenset({'22834'})
0.07284462886122638,frozenset({'22835'})
0.044490548639926235,frozenset({'22840'})
0.035961272475795295,frozenset({'22841'})
0.04057169202397418,frozenset({'22844'})
0.03573075149838635,frozenset({'22845'})
0.03642231443061319,frozenset({'22846'})
0.04933148916551406,frozenset({'22847'})
0.04564315352697095,frozenset({'22851'})
0.03503918856615952,frozenset({'22855'})
0.08644536652835408,frozenset({'22865'})
0.07584140156754264,frozenset({'22866'})
0.07676348547717843,frozenset({'22867'})
0.037574919317657905,frozenset({'22895'})
0.03319502074688797,frozenset({'22896'})
0.03112033195020747,frozenset({'22897'})
0.04633471645919779,frozenset({'22898'})
0.0437989857076994,frozenset({'22899'})
0.04472106961733518,frozenset({'22900'})
0.03734439834024896,frozenset({'22904'})
0.034578146611341634,frozenset({'22906'})
0.08229598893499308,frozenset({'22907'})
0.04887044721069617,frozenset({'22908'})
0.08483171968649147,frozenset({'22909'})
0.10834485938220378,frozenset({'22910'})
0.030428769017980636,frozenset({'22917'})
0.030428769017980636,frozenset({'22919'})
0.03065928999538958,frozenset({'22920'})
0.03227293683725219,frozenset({'22926'})
0.036883356385431075,frozenset({'22938'})
0.05532503457814661,frozenset({'22940'})
0.04725680036883356,frozenset({'22941'})
0.035961272475795295,frozenset({'22950'})
0.05463347164591978,frozenset({'22951'})
0.07906869525126786,frozenset({'22952'})
0.03319502074688797,frozenset({'22956'})
0.04126325495620101,frozenset({'22957'})
0.03065928999538958,frozenset({'22959'})
0.13208852005532504,frozenset({'22960'})
0.12378976486860305,frozenset({'22961'})
0.04149377593360996,frozenset({'22962'})
0.03803596127247579,frozenset({'22963'})
0.04979253112033195,frozenset({'22964'})
0.03941908713692946,frozenset({'22965'})
0.08944213923467036,frozenset({'22966'})
0.09889349930843706,frozenset({'22969'})
0.04149377593360996,frozenset({'22970'})
0.03780544029506685,frozenset({'22971'})
0.03204241585984324,frozenset({'22972'})
0.035269709543568464,frozenset({'22978'})
0.05186721991701245,frozenset({'22979'})
0.04564315352697095,frozenset({'22980'})
0.05140617796219456,frozenset({'22983'})
0.04541263254956201,frozenset({'22988'})
0.05555555555555555,frozenset({'22989'})
0.04264638082065468,frozenset({'22991'})
0.0500230520977409,frozenset({'22992'})
0.09935454126325495,frozenset({'22993'})
0.03573075149838635,frozenset({'22996'})
0.0500230520977409,frozenset({'22998'})
0.03480866758875058,frozenset({'23012'})
0.03112033195020747,frozenset({'23013'})
0.0338865836791148,frozenset({'23052'})
0.04656523743660673,frozenset({'23076'})
0.0500230520977409,frozenset({'23077'})
0.03665283540802213,frozenset({'23078'})
0.03411710465652374,frozenset({'23080'})
0.04725680036883356,frozenset({'23082'})
0.03711387736284002,frozenset({'23083'})
0.1037344398340249,frozenset({'23084'})
0.036883356385431075,frozenset({'23091'})
0.04149377593360996,frozenset({'23100'})
0.04034117104656524,frozenset({'23101'})
0.05325034578146611,frozenset({'23103'})
0.06247118487782388,frozenset({'23108'})
0.04103273397879207,frozenset({'23109'})
0.036191793453204245,frozenset({'23110'})
0.030889810972798526,frozenset({'23112'})
0.03550023052097741,frozenset({'23118'})
0.04564315352697095,frozenset({'23126'})
0.033656062701705854,frozenset({'23127'})
0.0318118948824343,frozenset({'23129'})
0.03204241585984324,frozenset({'23130'})
0.04149377593360996,frozenset({'23144'})
0.03480866758875058,frozenset({'23146'})
0.039188566159520516,frozenset({'23147'})
0.03296449976947902,frozenset({'23148'})
0.03250345781466114,frozenset({'23154'})
0.038497003227293686,frozenset({'23165'})
0.0318118948824343,frozenset({'23166'})
0.03227293683725219,frozenset({'23168'})
0.046795758414015676,frozenset({'23169'})
0.0516366989396035,frozenset({'23170'})
0.04495159059474412,frozenset({'23171'})
0.036883356385431075,frozenset({'23172'})
0.05716920239741816,frozenset({'23173'})
0.0437989857076994,frozenset({'23174'})
0.047487321346242506,frozenset({'23175'})
0.03665283540802213,frozenset({'23176'})
0.040110650069156296,frozenset({'23177'})
0.03227293683725219,frozenset({'23182'})
0.04771784232365145,frozenset({'23188'})
0.03342554172429691,frozenset({'23190'})
0.041954817888427844,frozenset({'23191'})
0.0516366989396035,frozenset({'23192'})
0.03273397879207008,frozenset({'23194'})
0.039188566159520516,frozenset({'23196'})
0.059704933148916554,frozenset({'23198'})
0.0792992162286768,frozenset({'23199'})
0.060396496081143385,frozenset({'23200'})
0.0912863070539419,frozenset({'23201'})
0.08690640848317197,frozenset({'23202'})
0.11641309359151683,frozenset({'23203'})
0.045873674504379895,frozenset({'23204'})
0.04633471645919779,frozenset({'23205'})
0.09243891194098663,frozenset({'23206'})
0.08690640848317197,frozenset({'23207'})
0.07030889810972799,frozenset({'23208'})
0.10811433840479484,frozenset({'23209'})
0.03734439834024896,frozenset({'23215'})
0.042876901798063624,frozenset({'23229'})
0.04103273397879207,frozenset({'23230'})
0.0437989857076994,frozenset({'23231'})
0.04333794375288151,frozenset({'23232'})
0.04633471645919779,frozenset({'23234'})
0.046795758414015676,frozenset({'23236'})
0.030198248040571692,frozenset({'23237'})
0.034578146611341634,frozenset({'23238'})
0.07445827570308898,frozenset({'23240'})
0.042185338865836794,frozenset({'23241'})
0.030428769017980636,frozenset({'23242'})
0.06339326878745966,frozenset({'23243'})
0.10880590133702167,frozenset({'23245'})
0.05325034578146611,frozenset({'23247'})
0.04702627939142462,frozenset({'23254'})
0.053480866758875055,frozenset({'23256'})
0.062010142923005995,frozenset({'23263'})
0.04080221300138313,frozenset({'23264'})
0.04149377593360996,frozenset({'23265'})
0.04633471645919779,frozenset({'23266'})
0.03941908713692946,frozenset({'23275'})
0.033656062701705854,frozenset({'23283'})
0.08713692946058091,frozenset({'23284'})
0.07445827570308898,frozenset({'23293'})
0.04933148916551406,frozenset({'23294'})
0.05763024435223606,frozenset({'23295'})
0.056016597510373446,frozenset({'23296'})
0.13208852005532504,frozenset({'23298'})
0.08091286307053942,frozenset({'23300'})
0.09336099585062241,frozenset({'23301'})
0.03227293683725219,frozenset({'23302'})
0.041954817888427844,frozenset({'23306'})
0.08437067773167359,frozenset({'23307'})
0.04817888427846934,frozenset({'23308'})
0.04103273397879207,frozenset({'23309'})
0.033656062701705854,frozenset({'23310'})
0.056708160442600276,frozenset({'23311'})
0.03872752420470263,frozenset({'23312'})
0.05855232826187183,frozenset({'23313'})
0.06224066390041494,frozenset({'23318'})
0.06915629322268327,frozenset({'23319'})
0.0599354541263255,frozenset({'23320'})
0.08713692946058091,frozenset({'23321'})
0.08068234209313048,frozenset({'23322'})
0.048409405255878286,frozenset({'23323'})
0.04495159059474412,frozenset({'23328'})
0.03872752420470263,frozenset({'23329'})
0.03642231443061319,frozenset({'23330'})
0.04771784232365145,frozenset({'23332'})
0.04126325495620101,frozenset({'23333'})
0.06592899953895805,frozenset({'23343'})
0.09013370216689719,frozenset({'23344'})
0.04933148916551406,frozenset({'23349'})
0.04725680036883356,frozenset({'23350'})
0.0557860765329645,frozenset({'23351'})
0.03480866758875058,frozenset({'23352'})
0.05232826187183034,frozenset({'23353'})
0.05417242969110189,frozenset({'23354'})
0.10926694329183956,frozenset({'23355'})
0.07284462886122638,frozenset({'23356'})
0.04241585984324574,frozenset({'23367'})
0.030889810972798526,frozenset({'23368'})
0.03135085292761641,frozenset({'23382'})
0.03665283540802213,frozenset({'23389'})
0.03803596127247579,frozenset({'23393'})
0.03250345781466114,frozenset({'23395'})
0.030889810972798526,frozenset({'23396'})
0.03204241585984324,frozenset({'23397'})
0.033656062701705854,frozenset({'23399'})
0.06177962194559705,frozenset({'23439'})
0.03296449976947902,frozenset({'23480'})
0.06500691562932227,frozenset({'23493'})
0.03342554172429691,frozenset({'23494'})
0.034578146611341634,frozenset({'23497'})
0.06546795758414016,frozenset({'23503'})
0.03780544029506685,frozenset({'23504'})
0.03665283540802213,frozenset({'23534'})
0.03112033195020747,frozenset({'23535'})
0.03503918856615952,frozenset({'23569'})
0.046795758414015676,frozenset({'23570'})
0.04495159059474412,frozenset({'23571'})
0.05301982480405717,frozenset({'23581'})
0.042876901798063624,frozenset({'23582'})
0.053711387736284005,frozenset({'23583'})
0.06224066390041494,frozenset({'35970'})
0.03250345781466114,frozenset({'47504K'})
0.03503918856615952,frozenset({'47559B'})
0.1632088520055325,frozenset({'47566'})
0.04426002766251729,frozenset({'47566B'})
0.05255878284923928,frozenset({'47590A'})
0.05486399262332872,frozenset({'47590B'})
0.05763024435223606,frozenset({'47591D'})
0.07215306592899953,frozenset({'48138'})
0.05232826187183034,frozenset({'48184'})
0.03296449976947902,frozenset({'48185'})
0.07238358690640849,frozenset({'48187'})
0.037574919317657905,frozenset({'48188'})
0.06592899953895805,frozenset({'48194'})
0.03434762563393269,frozenset({'71053'})
0.052097740894421395,frozenset({'71459'})
0.03573075149838635,frozenset({'71477'})
0.04495159059474412,frozenset({'72741'})
0.04725680036883356,frozenset({'79321'})
0.09451360073766712,frozenset({'82482'})
0.05555555555555555,frozenset({'82483'})
0.0656984785615491,frozenset({'82484'})
0.05417242969110189,frozenset({'82486'})
0.09036422314430613,frozenset({'82494L'})
0.035961272475795295,frozenset({'82551'})
0.04241585984324574,frozenset({'82552'})
0.03273397879207008,frozenset({'82578'})
0.048409405255878286,frozenset({'82580'})
0.0396496081143384,frozenset({'82581'})
0.04057169202397418,frozenset({'82582'})
0.047487321346242506,frozenset({'82583'})
0.05094513600737667,frozenset({'82600'})
0.05255878284923928,frozenset({'84029E'})
0.04863992623328723,frozenset({'84029G'})
0.04564315352697095,frozenset({'84030E'})
0.03204241585984324,frozenset({'84050'})
0.07076994006454587,frozenset({'84077'})
0.04426002766251729,frozenset({'84347'})
0.06685108344859382,frozenset({'84375'})
0.08667588750576302,frozenset({'84378'})
0.07491931765790687,frozenset({'84380'})
0.03065928999538958,frozenset({'84406B'})
0.03227293683725219,frozenset({'84536A'})
0.043568464730290454,frozenset({'84596B'})
0.03826648224988474,frozenset({'84596F'})
0.04817888427846934,frozenset({'84692'})
0.07330567081604426,frozenset({'84755'})
0.031581373905025356,frozenset({'84832'})
0.07169202397418165,frozenset({'84836'})
0.15629322268326418,frozenset({'84879'})
0.0479483633010604,frozenset({'84945'})
0.09566620562471184,frozenset({'84946'})
0.04080221300138313,frozenset({'84947'})
0.03803596127247579,frozenset({'84949'})
0.05394190871369295,frozenset({'84970L'})
0.06247118487782388,frozenset({'84970S'})
0.07007837713231904,frozenset({'84978'})
0.04633471645919779,frozenset({'84987'})
0.04817888427846934,frozenset({'84988'})
0.0954356846473029,frozenset({'84991'})
0.07491931765790687,frozenset({'84992'})
0.03296449976947902,frozenset({'84997A'})
0.04656523743660673,frozenset({'84997B'})
0.04656523743660673,frozenset({'84997C'})
0.05716920239741816,frozenset({'84997D'})
0.042185338865836794,frozenset({'85014A'})
0.048409405255878286,frozenset({'85014B'})
0.039188566159520516,frozenset({'85048'})
0.04702627939142462,frozenset({'85049A'})
0.03734439834024896,frozenset({'85049C'})
0.05716920239741816,frozenset({'85049E'})
0.03711387736284002,frozenset({'85049G'})
0.036191793453204245,frozenset({'85053'})
0.06662056247118488,frozenset({'85066'})
0.14638082065467958,frozenset({'85099B'})
0.07053941908713693,frozenset({'85099C'})
0.07261410788381743,frozenset({'85099F'})
0.19732595666205624,frozenset({'85123A'})
0.045182111572153065,frozenset({'85150'})
0.06224066390041494,frozenset({'85152'})
0.04541263254956201,frozenset({'M'})
0.07630244352236054,frozenset({'POST'})
0.030428769017980636,"frozenset({'20685', '22423'})"
0.03342554172429691,"frozenset({'20685', '85099B'})"
0.030889810972798526,"frozenset({'20726', '20712'})"
0.03065928999538958,"frozenset({'22386', '20712'})"
0.03065928999538958,"frozenset({'23203', '20712'})"
0.0396496081143384,"frozenset({'85099B', '20712'})"
0.030198248040571692,"frozenset({'20713', '21931'})"
0.03503918856615952,"frozenset({'85099B', '20713'})"
0.030428769017980636,"frozenset({'20723', '20719'})"
0.037574919317657905,"frozenset({'20719', '20724'})"
0.03065928999538958,"frozenset({'22355', '20719'})"
0.03826648224988474,"frozenset({'20723', '20724'})"
0.030428769017980636,"frozenset({'20723', '20725'})"
0.0318118948824343,"frozenset({'20723', '22355'})"
0.03895804518211157,"frozenset({'20725', '20724'})"
0.03112033195020747,"frozenset({'20727', '20724'})"
0.031581373905025356,"frozenset({'20728', '20724'})"
0.03642231443061319,"frozenset({'22355', '20724'})"
0.037574919317657905,"frozenset({'20724', '22356'})"
0.03273397879207008,"frozenset({'22382', '20724'})"
0.03112033195020747,"frozenset({'22384', '20724'})"
0.030198248040571692,"frozenset({'23203', '20724'})"
0.03065928999538958,"frozenset({'23206', '20724'})"
0.03227293683725219,"frozenset({'23209', '20724'})"
0.044490548639926235,"frozenset({'85099B', '20724'})"
0.05763024435223606,"frozenset({'20726', '20725'})"
0.06915629322268327,"frozenset({'20727', '20725'})"
0.07100046104195482,"frozenset({'20728', '20725'})"
0.03780544029506685,"frozenset({'20725', '21080'})"
0.045873674504379895,"frozenset({'20725', '21212'})"
0.0318118948824343,"frozenset({'20725', '21929'})"
0.03780544029506685,"frozenset({'20725', '21931'})"
0.03573075149838635,"frozenset({'20725', '21936'})"
0.03273397879207008,"frozenset({'20725', '22086'})"
0.03065928999538958,"frozenset({'20725', '22355'})"
0.06961733517750116,"frozenset({'22382', '20725'})"
0.06523743660673122,"frozenset({'20725', '22383'})"
0.06800368833563854,"frozenset({'20725', '22384'})"
0.03250345781466114,"frozenset({'22385', '20725'})"
0.0417242969110189,"frozenset({'22386', '20725'})"
0.0338865836791148,"frozenset({'22411', '20725'})"
0.036883356385431075,"frozenset({'20725', '22423'})"
0.03135085292761641,"frozenset({'20725', '22469'})"
0.0479483633010604,"frozenset({'20725', '22662'})"
0.033656062701705854,"frozenset({'20725', '22720'})"
0.03250345781466114,"frozenset({'22960', '20725'})"
0.0338865836791148,"frozenset({'20725', '22961'})"
0.03872752420470263,"frozenset({'20725', '23199'})"
0.0396496081143384,"frozenset({'20725', '23201'})"
0.03780544029506685,"frozenset({'20725', '23202'})"
0.0479483633010604,"frozenset({'23203', '20725'})"
0.058091286307053944,"frozenset({'23206', '20725'})"
0.05255878284923928,"frozenset({'23207', '20725'})"
0.04541263254956201,"frozenset({'20725', '23208'})"
0.06131857999077916,"frozenset({'20725', '23209'})"
0.03826648224988474,"frozenset({'20725', '23298'})"
0.03711387736284002,"frozenset({'23344', '20725'})"
0.03135085292761641,"frozenset({'23583', '20725'})"
0.040110650069156296,"frozenset({'20725', '47566'})"
0.06270170585523283,"frozenset({'85099B', '20725'})"
0.03065928999538958,"frozenset({'85099C', '20725'})"
0.034578146611341634,"frozenset({'85099F', '20725'})"
0.042185338865836794,"frozenset({'85123A', '20725'})"
0.05071461502996773,"frozenset({'20727', '20726'})"
0.05417242969110189,"frozenset({'20728', '20726'})"
0.03065928999538958,"frozenset({'20726', '22326'})"
0.06016597510373444,"frozenset({'22382', '20726'})"
0.04887044721069617,"frozenset({'20726', '22383'})"
0.04725680036883356,"frozenset({'20726', '22384'})"
0.039188566159520516,"frozenset({'20726', '22662'})"
0.03250345781466114,"frozenset({'23203', '20726'})"
0.048409405255878286,"frozenset({'23206', '20726'})"
0.041954817888427844,"frozenset({'23207', '20726'})"
0.036883356385431075,"frozenset({'20726', '23208'})"
0.046104195481788846,"frozenset({'20726', '23209'})"
0.03826648224988474,"frozenset({'20726', '85099B'})"
0.060396496081143385,"frozenset({'20727', '20728'})"
0.03411710465652374,"frozenset({'20727', '21212'})"
0.03342554172429691,"frozenset({'20727', '21930'})"
0.03227293683725219,"frozenset({'20727', '21931'})"
0.06131857999077916,"frozenset({'20727', '22382'})"
0.06154910096818811,"frozenset({'20727', '22383'})"
0.06431535269709543,"frozenset({'20727', '22384'})"
0.037574919317657905,"frozenset({'20727', '22386'})"
0.030198248040571692,"frozenset({'20727', '22411'})"
0.0417242969110189,"frozenset({'20727', '22662'})"
0.03434762563393269,"frozenset({'20727', '23199'})"
0.03550023052097741,"frozenset({'20727', '23201'})"
0.03273397879207008,"frozenset({'20727', '23202'})"
0.04103273397879207,"frozenset({'20727', '23203'})"
0.049562010142923,"frozenset({'20727', '23206'})"
0.05071461502996773,"frozenset({'20727', '23207'})"
0.04103273397879207,"frozenset({'20727', '23208'})"
0.05140617796219456,"frozenset({'20727', '23209'})"
0.03227293683725219,"frozenset({'20727', '23298'})"
0.03434762563393269,"frozenset({'20727', '23344'})"
0.030428769017980636,"frozenset({'23583', '20727'})"
0.03342554172429691,"frozenset({'20727', '47566'})"
0.04933148916551406,"frozenset({'20727', '85099B'})"
0.03065928999538958,"frozenset({'20727', '85099C'})"
0.03273397879207008,"frozenset({'20727', '85099F'})"
0.04034117104656524,"frozenset({'20727', '85123A'})"
0.03503918856615952,"frozenset({'20728', '21212'})"
0.03573075149838635,"frozenset({'20728', '21931'})"
0.03296449976947902,"frozenset({'20728', '22086'})"
0.06523743660673122,"frozenset({'22382', '20728'})"
0.06592899953895805,"frozenset({'20728', '22383'})"
0.06546795758414016,"frozenset({'20728', '22384'})"
0.03711387736284002,"frozenset({'20728', '22386'})"
0.03204241585984324,"frozenset({'20728', '22411'})"
0.03227293683725219,"frozenset({'20728', '22423'})"
0.04264638082065468,"frozenset({'20728', '22662'})"
0.030198248040571692,"frozenset({'20728', '22720'})"
0.03803596127247579,"frozenset({'20728', '23199'})"
0.038497003227293686,"frozenset({'20728', '23201'})"
0.033656062701705854,"frozenset({'20728', '23202'})"
0.04264638082065468,"frozenset({'20728', '23203'})"
0.05417242969110189,"frozenset({'23206', '20728'})"
0.05325034578146611,"frozenset({'20728', '23207'})"
0.04241585984324574,"frozenset({'20728', '23208'})"
0.05486399262332872,"frozenset({'20728', '23209'})"
0.031581373905025356,"frozenset({'20728', '23298'})"
0.03319502074688797,"frozenset({'20728', '23344'})"
0.03065928999538958,"frozenset({'23583', '20728'})"
0.033656062701705854,"frozenset({'20728', '47566'})"
0.049562010142923,"frozenset({'20728', '85099B'})"
0.030198248040571692,"frozenset({'20728', '85099F'})"
0.04241585984324574,"frozenset({'20728', '85123A'})"
0.031581373905025356,"frozenset({'20914', '21212'})"
0.03204241585984324,"frozenset({'20914', '22720'})"
0.04080221300138313,"frozenset({'20971', '20972'})"
0.034578146611341634,"frozenset({'21034', '85123A'})"
0.030198248040571692,"frozenset({'21080', '21086'})"
0.03411710465652374,"frozenset({'21080', '21094'})"
0.049562010142923,"frozenset({'21080', '21212'})"
0.03227293683725219,"frozenset({'21080', '22423'})"
0.03135085292761641,"frozenset({'22907', '21080'})"
0.03296449976947902,"frozenset({'21080', '47566'})"
0.03296449976947902,"frozenset({'85099B', '21080'})"
0.03296449976947902,"frozenset({'85123A', '21080'})"
0.03503918856615952,"frozenset({'21094', '21086'})"
0.03250345781466114,"frozenset({'21122', '21121'})"
0.03112033195020747,"frozenset({'21212', '21121'})"
0.03573075149838635,"frozenset({'21124', '21122'})"
0.04771784232365145,"frozenset({'84879', '21136'})"
0.044490548639926235,"frozenset({'21166', '21175'})"
0.038497003227293686,"frozenset({'21181', '21166'})"
0.0318118948824343,"frozenset({'21166', '85123A'})"
0.03826648224988474,"frozenset({'21166', '85152'})"
0.045182111572153065,"frozenset({'21181', '21175'})"
0.030889810972798526,"frozenset({'22413', '21175'})"
0.03503918856615952,"frozenset({'85123A', '21175'})"
0.036191793453204245,"frozenset({'85152', '21175'})"
0.0318118948824343,"frozenset({'21181', '82600'})"
0.03734439834024896,"frozenset({'21181', '85123A'})"
0.030428769017980636,"frozenset({'21181', '85150'})"
0.03803596127247579,"frozenset({'21181', '85152'})"
0.037574919317657905,"frozenset({'21210', '21212'})"
0.045182111572153065,"frozenset({'21212', '21213'})"
0.045182111572153065,"frozenset({'21975', '21212'})"
0.03065928999538958,"frozenset({'21976', '21212'})"
0.06316274781005071,"frozenset({'21977', '21212'})"
0.03204241585984324,"frozenset({'22077', '21212'})"
0.03826648224988474,"frozenset({'21212', '22086'})"
0.030428769017980636,"frozenset({'22090', '21212'})"
0.03895804518211157,"frozenset({'22138', '21212'})"
0.030198248040571692,"frozenset({'21212', '22139'})"
0.030428769017980636,"frozenset({'22197', '21212'})"
0.03665283540802213,"frozenset({'22382', '21212'})"
0.03296449976947902,"frozenset({'21212', '22383'})"
0.03503918856615952,"frozenset({'21212', '22384'})"
0.041954817888427844,"frozenset({'21212', '22417'})"
0.04817888427846934,"frozenset({'21212', '22423'})"
0.03227293683725219,"frozenset({'22457', '21212'})"
0.03550023052097741,"frozenset({'22558', '21212'})"
0.03503918856615952,"frozenset({'22666', '21212'})"
0.046104195481788846,"frozenset({'22720', '21212'})"
0.03065928999538958,"frozenset({'22907', '21212'})"
0.03204241585984324,"frozenset({'22910', '21212'})"
0.036883356385431075,"frozenset({'21212', '22951'})"
0.03734439834024896,"frozenset({'22952', '21212'})"
0.04402950668510835,"frozenset({'22960', '21212'})"
0.04817888427846934,"frozenset({'22961', '21212'})"
0.039880129091747346,"frozenset({'22966', '21212'})"
0.04057169202397418,"frozenset({'22993', '21212'})"
0.03711387736284002,"frozenset({'23203', '21212'})"
0.03065928999538958,"frozenset({'23206', '21212'})"
0.03065928999538958,"frozenset({'23207', '21212'})"
0.036191793453204245,"frozenset({'21212', '23209'})"
0.033656062701705854,"frozenset({'21212', '23245'})"
0.04149377593360996,"frozenset({'21212', '23298'})"
0.048409405255878286,"frozenset({'23307', '21212'})"
0.0437989857076994,"frozenset({'21212', '47566'})"
0.036883356385431075,"frozenset({'84378', '21212'})"
0.03273397879207008,"frozenset({'21212', '84380'})"
0.03227293683725219,"frozenset({'84879', '21212'})"
0.062010142923005995,"frozenset({'84991', '21212'})"
0.04771784232365145,"frozenset({'21212', '84992'})"
0.046104195481788846,"frozenset({'85099B', '21212'})"
0.04264638082065468,"frozenset({'85123A', '21212'})"
0.03296449976947902,"frozenset({'21975', '21213'})"
0.03135085292761641,"frozenset({'84991', '21213'})"
0.03642231443061319,"frozenset({'21231', '21232'})"
0.04495159059474412,"frozenset({'21485', '22111'})"
0.03665283540802213,"frozenset({'21485', '22112'})"
0.03112033195020747,"frozenset({'21485', '22113'})"
0.03319502074688797,"frozenset({'21485', '22423'})"
0.03573075149838635,"frozenset({'23355', '21485'})"
0.035961272475795295,"frozenset({'21485', '85123A'})"
0.030428769017980636,"frozenset({'21669', '21668'})"
0.033656062701705854,"frozenset({'23084', '21731'})"
0.03480866758875058,"frozenset({'21733', '22469'})"
0.03573075149838635,"frozenset({'21733', '22470'})"
0.040110650069156296,"frozenset({'22804', '21733'})"
0.03065928999538958,"frozenset({'21733', '47566'})"
0.07192254495159059,"frozenset({'21733', '85123A'})"
0.05071461502996773,"frozenset({'21755', '21754'})"
0.033656062701705854,"frozenset({'21754', '22423'})"
0.03434762563393269,"frozenset({'84879', '21754'})"
0.04080221300138313,"frozenset({'85123A', '21754'})"
0.0318118948824343,"frozenset({'21755', '22423'})"
0.03250345781466114,"frozenset({'22469', '21755'})"
0.03112033195020747,"frozenset({'22470', '21755'})"
0.03112033195020747,"frozenset({'84879', '21755'})"
0.041954817888427844,"frozenset({'85123A', '21755'})"
0.04817888427846934,"frozenset({'21791', '21790'})"
0.03550023052097741,"frozenset({'21889', '21790'})"
0.0318118948824343,"frozenset({'22086', '21790'})"
0.033656062701705854,"frozenset({'21843', '22423'})"
0.04633471645919779,"frozenset({'21914', '21915'})"
0.04149377593360996,"frozenset({'21929', '21928'})"
0.0338865836791148,"frozenset({'22386', '21928'})"
0.03734439834024896,"frozenset({'22411', '21928'})"
0.038497003227293686,"frozenset({'23203', '21928'})"
0.0437989857076994,"frozenset({'85099B', '21928'})"
0.03065928999538958,"frozenset({'85099F', '21928'})"
0.03204241585984324,"frozenset({'21929', '21931'})"
0.03112033195020747,"frozenset({'21929', '22384'})"
0.03895804518211157,"frozenset({'22386', '21929'})"
0.03941908713692946,"frozenset({'22411', '21929'})"
0.03503918856615952,"frozenset({'21929', '23201'})"
0.0318118948824343,"frozenset({'21929', '23202'})"
0.04149377593360996,"frozenset({'23203', '21929'})"
0.04863992623328723,"frozenset({'85099B', '21929'})"
0.031581373905025356,"frozenset({'85099C', '21929'})"
0.03434762563393269,"frozenset({'85099F', '21929'})"
0.030198248040571692,"frozenset({'21930', '21931'})"
0.03250345781466114,"frozenset({'22386', '21930'})"
0.03872752420470263,"frozenset({'85099B', '21930'})"
0.035269709543568464,"frozenset({'22382', '21931'})"
0.041954817888427844,"frozenset({'22383', '21931'})"
0.03204241585984324,"frozenset({'22384', '21931'})"
0.03273397879207008,"frozenset({'22385', '21931'})"
0.03895804518211157,"frozenset({'22386', '21931'})"
0.03573075149838635,"frozenset({'22411', '21931'})"
0.036191793453204245,"frozenset({'23199', '21931'})"
0.040110650069156296,"frozenset({'23201', '21931'})"
0.03665283540802213,"frozenset({'23202', '21931'})"
0.0396496081143384,"frozenset({'23203', '21931'})"
0.030889810972798526,"frozenset({'23206', '21931'})"
0.052097740894421395,"frozenset({'85099B', '21931'})"
0.034578146611341634,"frozenset({'85099C', '21931'})"
0.03273397879207008,"frozenset({'85099F', '21931'})"
0.033656062701705854,"frozenset({'21932', '21933'})"
0.03227293683725219,"frozenset({'85099B', '21936'})"
0.034578146611341634,"frozenset({'21977', '21975'})"
0.03273397879207008,"frozenset({'21975', '22417'})"
0.03780544029506685,"frozenset({'84991', '21975'})"
0.033656062701705854,"frozenset({'21975', '84992'})"
0.031581373905025356,"frozenset({'21977', '22417'})"
0.03411710465652374,"frozenset({'21977', '22423'})"
0.03227293683725219,"frozenset({'21977', '22720'})"
0.03204241585984324,"frozenset({'21977', '22960'})"
0.031581373905025356,"frozenset({'21977', '22961'})"
0.03941908713692946,"frozenset({'21977', '23307'})"
0.031581373905025356,"frozenset({'21977', '47566'})"
0.04725680036883356,"frozenset({'21977', '84991'})"
0.03780544029506685,"frozenset({'21977', '84992'})"
0.03065928999538958,"frozenset({'21977', '85123A'})"
0.03204241585984324,"frozenset({'22077', '22423'})"
0.030428769017980636,"frozenset({'22077', '22961'})"
0.030198248040571692,"frozenset({'22077', '47566'})"
0.0318118948824343,"frozenset({'22077', '85049E'})"
0.0318118948824343,"frozenset({'22077', '85123A'})"
0.0396496081143384,"frozenset({'22083', '22086'})"
0.030428769017980636,"frozenset({'22910', '22083'})"
0.03135085292761641,"frozenset({'22144', '22086'})"
0.03273397879207008,"frozenset({'22382', '22086'})"
0.04402950668510835,"frozenset({'22086', '22423'})"
0.03250345781466114,"frozenset({'22457', '22086'})"
0.030889810972798526,"frozenset({'22666', '22086'})"
0.03480866758875058,"frozenset({'22720', '22086'})"
0.03296449976947902,"frozenset({'22865', '22086'})"
0.03711387736284002,"frozenset({'22909', '22086'})"
0.07538035961272475,"frozenset({'22910', '22086'})"
0.033656062701705854,"frozenset({'22952', '22086'})"
0.04103273397879207,"frozenset({'22960', '22086'})"
0.037574919317657905,"frozenset({'22961', '22086'})"
0.03065928999538958,"frozenset({'22966', '22086'})"
0.031581373905025356,"frozenset({'22993', '22086'})"
0.030889810972798526,"frozenset({'23201', '22086'})"
0.03734439834024896,"frozenset({'23203', '22086'})"
0.03112033195020747,"frozenset({'23209', '22086'})"
0.0396496081143384,"frozenset({'23298', '22086'})"
0.03665283540802213,"frozenset({'23319', '22086'})"
0.03665283540802213,"frozenset({'23344', '22086'})"
0.03503918856615952,"frozenset({'23355', '22086'})"
0.04103273397879207,"frozenset({'47566', '22086'})"
0.03734439834024896,"frozenset({'84879', '22086'})"
0.037574919317657905,"frozenset({'85099B', '22086'})"
0.04080221300138313,"frozenset({'85123A', '22086'})"
0.030198248040571692,"frozenset({'22090', '47566'})"
0.04264638082065468,"frozenset({'22112', '22111'})"
0.03319502074688797,"frozenset({'22113', '22111'})"
0.03273397879207008,"frozenset({'22114', '22111'})"
0.03319502074688797,"frozenset({'22111', '22423'})"
0.03480866758875058,"frozenset({'22835', '22111'})"
0.03296449976947902,"frozenset({'22866', '22111'})"
0.042876901798063624,"frozenset({'23355', '22111'})"
0.03411710465652374,"frozenset({'23356', '22111'})"
0.03480866758875058,"frozenset({'85123A', '22111'})"
0.04495159059474412,"frozenset({'22112', '22114'})"
0.045873674504379895,"frozenset({'22835', '22112'})"
0.04564315352697095,"frozenset({'23355', '22112'})"
0.03411710465652374,"frozenset({'85123A', '22112'})"
0.0338865836791148,"frozenset({'85123A', '22113'})"
0.03780544029506685,"frozenset({'22835', '22114'})"
0.044490548639926235,"frozenset({'23355', '22114'})"
0.049562010142923,"frozenset({'22138', '22139'})"
0.0396496081143384,"frozenset({'22138', '22423'})"
0.05624711848778239,"frozenset({'22138', '22617'})"
0.03665283540802213,"frozenset({'22720', '22138'})"
0.03250345781466114,"frozenset({'22960', '22138'})"
0.03250345781466114,"frozenset({'22138', '23298'})"
0.033656062701705854,"frozenset({'22138', '47566'})"
0.030198248040571692,"frozenset({'85123A', '22138'})"
0.035961272475795295,"frozenset({'22139', '22423'})"
0.03273397879207008,"frozenset({'47566', '22139'})"
0.03112033195020747,"frozenset({'85123A', '22139'})"
0.033656062701705854,"frozenset({'22142', '22141'})"
0.038497003227293686,"frozenset({'22144', '22141'})"
0.04149377593360996,"frozenset({'22142', '22144'})"
0.03411710465652374,"frozenset({'22147', '22149'})"
0.03112033195020747,"frozenset({'22147', '22150'})"
0.03135085292761641,"frozenset({'22150', '22149'})"
0.03550023052097741,"frozenset({'22178', '22423'})"
0.033656062701705854,"frozenset({'84879', '22178'})"
0.034578146611341634,"frozenset({'85123A', '22178'})"
0.03803596127247579,"frozenset({'85123A', '22189'})"
0.03135085292761641,"frozenset({'22193', '22191'})"
0.0318118948824343,"frozenset({'22197', '85123A'})"
0.0338865836791148,"frozenset({'22326', '22328'})"
0.03135085292761641,"frozenset({'22382', '22367'})"
0.03227293683725219,"frozenset({'22367', '47591D'})"
0.06500691562932227,"frozenset({'22382', '22383'})"
0.058782849239280774,"frozenset({'22382', '22384'})"
0.03550023052097741,"frozenset({'22382', '22385'})"
0.03296449976947902,"frozenset({'22382', '22386'})"
0.03065928999538958,"frozenset({'22382', '22411'})"
0.035269709543568464,"frozenset({'22382', '22423'})"
0.03135085292761641,"frozenset({'22382', '22551'})"
0.039880129091747346,"frozenset({'22629', '22382'})"
0.0318118948824343,"frozenset({'22382', '22630'})"
0.053711387736284005,"frozenset({'22382', '22662'})"
0.030198248040571692,"frozenset({'22382', '22720'})"
0.03550023052097741,"frozenset({'22382', '23199'})"
0.036883356385431075,"frozenset({'22382', '23201'})"
0.0338865836791148,"frozenset({'22382', '23202'})"
0.04310742277547257,"frozenset({'22382', '23203'})"
0.05186721991701245,"frozenset({'23206', '22382'})"
0.05255878284923928,"frozenset({'22382', '23207'})"
0.04241585984324574,"frozenset({'22382', '23208'})"
0.05555555555555555,"frozenset({'22382', '23209'})"
0.0318118948824343,"frozenset({'22382', '23298'})"
0.0338865836791148,"frozenset({'22382', '23344'})"
0.030198248040571692,"frozenset({'23583', '22382'})"
0.03273397879207008,"frozenset({'22382', '47566'})"
0.04564315352697095,"frozenset({'22382', '85099B'})"
0.039188566159520516,"frozenset({'22382', '85123A'})"
0.0557860765329645,"frozenset({'22384', '22383'})"
0.03204241585984324,"frozenset({'22386', '22383'})"
0.030428769017980636,"frozenset({'22411', '22383'})"
0.0437989857076994,"frozenset({'22662', '22383'})"
0.034578146611341634,"frozenset({'22383', '23199'})"
0.03434762563393269,"frozenset({'23201', '22383'})"
0.030428769017980636,"frozenset({'23202', '22383'})"
0.038497003227293686,"frozenset({'23203', '22383'})"
0.0516366989396035,"frozenset({'23206', '22383'})"
0.04979253112033195,"frozenset({'23207', '22383'})"
0.042185338865836794,"frozenset({'22383', '23208'})"
0.05025357307514984,"frozenset({'23209', '22383'})"
0.03342554172429691,"frozenset({'47566', '22383'})"
0.044490548639926235,"frozenset({'85099B', '22383'})"
0.03780544029506685,"frozenset({'85123A', '22383'})"
0.042876901798063624,"frozenset({'22386', '22384'})"
0.04034117104656524,"frozenset({'22662', '22384'})"
0.03550023052097741,"frozenset({'22384', '23199'})"
0.035269709543568464,"frozenset({'23201', '22384'})"
0.03273397879207008,"frozenset({'23202', '22384'})"
0.04149377593360996,"frozenset({'23203', '22384'})"
0.0500230520977409,"frozenset({'23206', '22384'})"
0.04771784232365145,"frozenset({'23207', '22384'})"
0.03780544029506685,"frozenset({'22384', '23208'})"
0.05255878284923928,"frozenset({'23209', '22384'})"
0.03411710465652374,"frozenset({'22384', '23298'})"
0.034578146611341634,"frozenset({'23344', '22384'})"
0.03411710465652374,"frozenset({'47566', '22384'})"
0.052789303826648225,"frozenset({'85099B', '22384'})"
0.03204241585984324,"frozenset({'85099F', '22384'})"
0.04126325495620101,"frozenset({'85123A', '22384'})"
0.033656062701705854,"frozenset({'22386', '22385'})"
0.03319502074688797,"frozenset({'22385', '23199'})"
0.03273397879207008,"frozenset({'22385', '23201'})"
0.03112033195020747,"frozenset({'22385', '23202'})"
0.03503918856615952,"frozenset({'23203', '22385'})"
0.04310742277547257,"frozenset({'85099B', '22385'})"
0.03573075149838635,"frozenset({'22386', '22411'})"
0.03872752420470263,"frozenset({'22386', '23199'})"
0.031581373905025356,"frozenset({'22386', '23200'})"
0.04080221300138313,"frozenset({'22386', '23201'})"
0.035269709543568464,"frozenset({'22386', '23202'})"
0.045873674504379895,"frozenset({'22386', '23203'})"
0.03204241585984324,"frozenset({'23206', '22386'})"
0.030428769017980636,"frozenset({'23207', '22386'})"
0.03250345781466114,"frozenset({'22386', '23209'})"
0.03573075149838635,"frozenset({'22386', '23344'})"
0.0656984785615491,"frozenset({'22386', '85099B'})"
0.037574919317657905,"frozenset({'22386', '85099C'})"
0.041954817888427844,"frozenset({'22386', '85099F'})"
0.03296449976947902,"frozenset({'22386', '85123A'})"
0.03411710465652374,"frozenset({'22411', '23199'})"
0.03711387736284002,"frozenset({'22411', '23201'})"
0.03734439834024896,"frozenset({'22411', '23202'})"
0.04817888427846934,"frozenset({'23203', '22411'})"
0.03319502074688797,"frozenset({'22411', '23209'})"
0.03065928999538958,"frozenset({'23344', '22411'})"
0.030889810972798526,"frozenset({'22411', '23581'})"
0.052097740894421395,"frozenset({'22411', '85099B'})"
0.03642231443061319,"frozenset({'22411', '85099C'})"
0.03342554172429691,"frozenset({'22411', '85099F'})"
0.03065928999538958,"frozenset({'22411', '85123A'})"
0.030428769017980636,"frozenset({'22951', '22417'})"
0.0318118948824343,"frozenset({'84991', '22417'})"
0.04241585984324574,"frozenset({'22457', '22423'})"
0.03895804518211157,"frozenset({'22469', '22423'})"
0.03342554172429691,"frozenset({'22470', '22423'})"
0.0338865836791148,"frozenset({'22624', '22423'})"
0.031581373905025356,"frozenset({'22625', '22423'})"
0.040110650069156296,"frozenset({'22666', '22423'})"
0.06846473029045644,"frozenset({'22697', '22423'})"
0.059704933148916554,"frozenset({'22698', '22423'})"
0.0739972337482711,"frozenset({'22699', '22423'})"
0.05924389119409866,"frozenset({'22720', '22423'})"
0.03573075149838635,"frozenset({'22722', '22423'})"
0.03665283540802213,"frozenset({'22727', '22423'})"
0.03227293683725219,"frozenset({'22776', '22423'})"
0.03227293683725219,"frozenset({'22907', '22423'})"
0.034578146611341634,"frozenset({'22910', '22423'})"
0.05140617796219456,"frozenset({'22960', '22423'})"
0.04564315352697095,"frozenset({'22961', '22423'})"
0.03480866758875058,"frozenset({'22966', '22423'})"
0.03803596127247579,"frozenset({'22969', '22423'})"
0.03872752420470263,"frozenset({'22993', '22423'})"
0.03434762563393269,"frozenset({'23084', '22423'})"
0.042185338865836794,"frozenset({'23170', '22423'})"
0.03642231443061319,"frozenset({'23171', '22423'})"
0.03112033195020747,"frozenset({'23172', '22423'})"
0.04887044721069617,"frozenset({'23173', '22423'})"
0.03711387736284002,"frozenset({'23174', '22423'})"
0.0396496081143384,"frozenset({'23175', '22423'})"
0.0396496081143384,"frozenset({'23203', '22423'})"
0.03665283540802213,"frozenset({'23209', '22423'})"
0.03227293683725219,"frozenset({'23240', '22423'})"
0.06938681420009221,"frozenset({'23245', '22423'})"
0.03434762563393269,"frozenset({'23284', '22423'})"
0.04725680036883356,"frozenset({'23298', '22423'})"
0.03319502074688797,"frozenset({'23307', '22423'})"
0.03734439834024896,"frozenset({'23355', '22423'})"
0.0636237897648686,"frozenset({'47566', '22423'})"
0.036883356385431075,"frozenset({'82482', '22423'})"
0.03434762563393269,"frozenset({'82494L', '22423'})"
0.03227293683725219,"frozenset({'84378', '22423'})"
0.05763024435223606,"frozenset({'84879', '22423'})"
0.03112033195020747,"frozenset({'84946', '22423'})"
0.03273397879207008,"frozenset({'84991', '22423'})"
0.0417242969110189,"frozenset({'85099B', '22423'})"
0.06016597510373444,"frozenset({'85123A', '22423'})"
0.046104195481788846,"frozenset({'22457', '22469'})"
0.04149377593360996,"frozenset({'22457', '22470'})"
0.03642231443061319,"frozenset({'22457', '22720'})"
0.03135085292761641,"frozenset({'22960', '22457'})"
0.03342554172429691,"frozenset({'22457', '23298'})"
0.03826648224988474,"frozenset({'22457', '47566'})"
0.03065928999538958,"frozenset({'22457', '82482'})"
0.03895804518211157,"frozenset({'84879', '22457'})"
0.03411710465652374,"frozenset({'22457', '85099B'})"
0.05763024435223606,"frozenset({'22457', '85123A'})"
0.07100046104195482,"frozenset({'22470', '22469'})"
0.037574919317657905,"frozenset({'22720', '22469'})"
0.03642231443061319,"frozenset({'22469', '23298'})"
0.0516366989396035,"frozenset({'22469', '23321'})"
0.04333794375288151,"frozenset({'23322', '22469'})"
0.03665283540802213,"frozenset({'22469', '47566'})"
0.036191793453204245,"frozenset({'82482', '22469'})"
0.03503918856615952,"frozenset({'82494L', '22469'})"
0.030198248040571692,"frozenset({'84836', '22469'})"
0.037574919317657905,"frozenset({'84879', '22469'})"
0.0338865836791148,"frozenset({'85099B', '22469'})"
0.06131857999077916,"frozenset({'85123A', '22469'})"
0.0338865836791148,"frozenset({'22470', '22694'})"
0.030889810972798526,"frozenset({'22470', '22720'})"
0.030889810972798526,"frozenset({'22470', '23298'})"
0.03803596127247579,"frozenset({'22470', '23321'})"
0.04887044721069617,"frozenset({'22470', '23322'})"
0.03112033195020747,"frozenset({'22470', '82482'})"
0.03112033195020747,"frozenset({'82494L', '22470'})"
0.03434762563393269,"frozenset({'84879', '22470'})"
0.030198248040571692,"frozenset({'85099B', '22470'})"
0.061088059013370215,"frozenset({'22470', '85123A'})"
0.030889810972798526,"frozenset({'22551', '22553'})"
0.04702627939142462,"frozenset({'22551', '22554'})"
0.035269709543568464,"frozenset({'22555', '22551'})"
0.04057169202397418,"frozenset({'22551', '22556'})"
0.03342554172429691,"frozenset({'22551', '22557'})"
0.030198248040571692,"frozenset({'22629', '22551'})"
0.034578146611341634,"frozenset({'22554', '22553'})"
0.03204241585984324,"frozenset({'22557', '22553'})"
0.0396496081143384,"frozenset({'22555', '22554'})"
0.04241585984324574,"frozenset({'22556', '22554'})"
0.03665283540802213,"frozenset({'22557', '22554'})"
0.036883356385431075,"frozenset({'22555', '22556'})"
0.03250345781466114,"frozenset({'22555', '22557'})"
0.03250345781466114,"frozenset({'22569', '22568'})"
0.035961272475795295,"frozenset({'22568', '22570'})"
0.034578146611341634,"frozenset({'22569', '22570'})"
0.057860765329645,"frozenset({'22578', '22577'})"
0.0396496081143384,"frozenset({'22579', '22577'})"
0.042876901798063624,"frozenset({'22578', '22579'})"
0.045182111572153065,"frozenset({'22624', '22625'})"
0.03135085292761641,"frozenset({'22627', '22624'})"
0.038497003227293686,"frozenset({'22624', '22720'})"
0.0516366989396035,"frozenset({'22629', '22630'})"
0.03065928999538958,"frozenset({'22632', '22633'})"
0.03411710465652374,"frozenset({'22632', '22865'})"
0.03227293683725219,"frozenset({'22632', '22866'})"
0.03112033195020747,"frozenset({'22632', '22867'})"
0.03895804518211157,"frozenset({'22633', '22865'})"
0.03734439834024896,"frozenset({'22866', '22633'})"
0.03342554172429691,"frozenset({'22633', '22867'})"
0.03434762563393269,"frozenset({'22633', '23439'})"
0.0318118948824343,"frozenset({'23203', '22662'})"
0.035269709543568464,"frozenset({'23206', '22662'})"
0.037574919317657905,"frozenset({'23207', '22662'})"
0.03780544029506685,"frozenset({'22662', '23209'})"
0.03296449976947902,"frozenset({'85099B', '22662'})"
0.034578146611341634,"frozenset({'22666', '22667'})"
0.061088059013370215,"frozenset({'22666', '22720'})"
0.04080221300138313,"frozenset({'22666', '22722'})"
0.045182111572153065,"frozenset({'22666', '22960'})"
0.04080221300138313,"frozenset({'22666', '22961'})"
0.03296449976947902,"frozenset({'22666', '22966'})"
0.0396496081143384,"frozenset({'22993', '22666'})"
0.03112033195020747,"frozenset({'22666', '23243'})"
0.030198248040571692,"frozenset({'22666', '23245'})"
0.0318118948824343,"frozenset({'22666', '23298'})"
0.03112033195020747,"frozenset({'22666', '47566'})"
0.0318118948824343,"frozenset({'22666', '84991'})"
0.030198248040571692,"frozenset({'22666', '85099B'})"
0.03872752420470263,"frozenset({'22666', '85123A'})"
0.06823420931304748,"frozenset({'22697', '22698'})"
0.0739972337482711,"frozenset({'22697', '22699'})"
0.036191793453204245,"frozenset({'22697', '23170'})"
0.03780544029506685,"frozenset({'22697', '23171'})"
0.03135085292761641,"frozenset({'22697', '23172'})"
0.036191793453204245,"frozenset({'22697', '23173'})"
0.03204241585984324,"frozenset({'22697', '23174'})"
0.03273397879207008,"frozenset({'22697', '23175'})"
0.036883356385431075,"frozenset({'22697', '23245'})"
0.03342554172429691,"frozenset({'22697', '47566'})"
0.06270170585523283,"frozenset({'22698', '22699'})"
0.03227293683725219,"frozenset({'22698', '23170'})"
0.03273397879207008,"frozenset({'22698', '23171'})"
0.03112033195020747,"frozenset({'23172', '22698'})"
0.03135085292761641,"frozenset({'22698', '23173'})"
0.0318118948824343,"frozenset({'22698', '23245'})"
0.030198248040571692,"frozenset({'22960', '22699'})"
0.04310742277547257,"frozenset({'23170', '22699'})"
0.03550023052097741,"frozenset({'23171', '22699'})"
0.030889810972798526,"frozenset({'23172', '22699'})"
0.04264638082065468,"frozenset({'22699', '23173'})"
0.03411710465652374,"frozenset({'22699', '23174'})"
0.03711387736284002,"frozenset({'23175', '22699'})"
0.040110650069156296,"frozenset({'23245', '22699'})"
0.03550023052097741,"frozenset({'47566', '22699'})"
0.030198248040571692,"frozenset({'85123A', '22699'})"
0.06270170585523283,"frozenset({'22720', '22722'})"
0.03895804518211157,"frozenset({'22907', '22720'})"
0.05763024435223606,"frozenset({'22960', '22720'})"
0.051175656984785614,"frozenset({'22961', '22720'})"
0.03550023052097741,"frozenset({'22966', '22720'})"
0.03872752420470263,"frozenset({'22720', '22969'})"
0.03135085292761641,"frozenset({'22989', '22720'})"
0.04402950668510835,"frozenset({'22993', '22720'})"
0.037574919317657905,"frozenset({'23203', '22720'})"
0.034578146611341634,"frozenset({'22720', '23209'})"
0.03411710465652374,"frozenset({'23240', '22720'})"
0.051175656984785614,"frozenset({'22720', '23243'})"
0.05186721991701245,"frozenset({'22720', '23245'})"
0.04541263254956201,"frozenset({'22720', '23298'})"
0.037574919317657905,"frozenset({'22720', '23307'})"
0.03227293683725219,"frozenset({'23355', '22720'})"
0.04472106961733518,"frozenset({'22720', '47566'})"
0.03665283540802213,"frozenset({'84879', '22720'})"
0.035269709543568464,"frozenset({'84991', '22720'})"
0.040110650069156296,"frozenset({'85099B', '22720'})"
0.04887044721069617,"frozenset({'85123A', '22720'})"
0.039188566159520516,"frozenset({'22960', '22722'})"
0.03550023052097741,"frozenset({'22961', '22722'})"
0.035269709543568464,"frozenset({'22993', '22722'})"
0.03434762563393269,"frozenset({'23243', '22722'})"
0.03065928999538958,"frozenset({'23245', '22722'})"
0.031581373905025356,"frozenset({'47566', '22722'})"
0.031581373905025356,"frozenset({'22725', '22726'})"
0.033656062701705854,"frozenset({'22727', '22725'})"
0.06085753803596127,"frozenset({'22727', '22726'})"
0.04495159059474412,"frozenset({'22728', '22726'})"
0.03227293683725219,"frozenset({'22729', '22726'})"
0.038497003227293686,"frozenset({'22730', '22726'})"
0.052097740894421395,"frozenset({'22728', '22727'})"
0.03550023052097741,"frozenset({'22729', '22727'})"
0.045873674504379895,"frozenset({'22730', '22727'})"
0.03803596127247579,"frozenset({'22728', '22730'})"
0.035269709543568464,"frozenset({'22745', '22746'})"
0.04149377593360996,"frozenset({'22745', '22748'})"
0.03665283540802213,"frozenset({'22746', '22748'})"
0.0417242969110189,"frozenset({'22750', '22749'})"
0.03065928999538958,"frozenset({'22751', '22749'})"
0.030889810972798526,"frozenset({'22751', '22750'})"
0.03411710465652374,"frozenset({'22766', '85123A'})"
0.0318118948824343,"frozenset({'85123A', '22776'})"
0.052789303826648225,"frozenset({'22804', '85123A'})"
0.039880129091747346,"frozenset({'23355', '22835'})"
0.04771784232365145,"frozenset({'22866', '22865'})"
0.04771784232365145,"frozenset({'22865', '22867'})"
0.0318118948824343,"frozenset({'23355', '22865'})"
0.036883356385431075,"frozenset({'23439', '22865'})"
0.030889810972798526,"frozenset({'22865', '85123A'})"
0.04149377593360996,"frozenset({'22866', '22867'})"
0.03411710465652374,"frozenset({'22866', '23439'})"
0.03227293683725219,"frozenset({'23439', '22867'})"
0.030198248040571692,"frozenset({'22960', '22907'})"
0.03065928999538958,"frozenset({'22907', '22961'})"
0.038497003227293686,"frozenset({'22910', '22909'})"
0.038497003227293686,"frozenset({'22952', '22909'})"
0.03642231443061319,"frozenset({'22910', '22952'})"
0.03135085292761641,"frozenset({'22910', '22960'})"
0.030428769017980636,"frozenset({'22910', '22961'})"
0.03296449976947902,"frozenset({'22910', '23298'})"
0.03342554172429691,"frozenset({'22910', '47566'})"
0.030428769017980636,"frozenset({'22910', '85123A'})"
0.059704933148916554,"frozenset({'22960', '22961'})"
0.03342554172429691,"frozenset({'22960', '22966'})"
0.03204241585984324,"frozenset({'22960', '22969'})"
0.04310742277547257,"frozenset({'22993', '22960'})"
0.03273397879207008,"frozenset({'22960', '23203'})"
0.03273397879207008,"frozenset({'22960', '23209'})"
0.03550023052097741,"frozenset({'22960', '23245'})"
0.03711387736284002,"frozenset({'22960', '23298'})"
0.03112033195020747,"frozenset({'22960', '23307'})"
0.035961272475795295,"frozenset({'22960', '47566'})"
0.0318118948824343,"frozenset({'22960', '84991'})"
0.036191793453204245,"frozenset({'22960', '85099B'})"
0.03872752420470263,"frozenset({'22960', '85123A'})"
0.03227293683725219,"frozenset({'22966', '22961'})"
0.03250345781466114,"frozenset({'22961', '22969'})"
0.04080221300138313,"frozenset({'22993', '22961'})"
0.03411710465652374,"frozenset({'23203', '22961'})"
0.03273397879207008,"frozenset({'22961', '23209'})"
0.03480866758875058,"frozenset({'22961', '23245'})"
0.03065928999538958,"frozenset({'22961', '23293'})"
0.03642231443061319,"frozenset({'22961', '23298'})"
0.03411710465652374,"frozenset({'22961', '23307'})"
0.036883356385431075,"frozenset({'22961', '47566'})"
0.031581373905025356,"frozenset({'84991', '22961'})"
0.035269709543568464,"frozenset({'85099B', '22961'})"
0.035269709543568464,"frozenset({'85123A', '22961'})"
0.030428769017980636,"frozenset({'22963', '22962'})"
0.03642231443061319,"frozenset({'22993', '22966'})"
0.03803596127247579,"frozenset({'84378', '22966'})"
0.0338865836791148,"frozenset({'22966', '84380'})"
0.030889810972798526,"frozenset({'84991', '22966'})"
0.03273397879207008,"frozenset({'85123A', '22969'})"
0.03319502074688797,"frozenset({'22993', '23298'})"
0.03273397879207008,"frozenset({'22993', '23307'})"
0.031581373905025356,"frozenset({'22993', '47566'})"
0.030198248040571692,"frozenset({'22993', '84991'})"
0.030889810972798526,"frozenset({'22993', '85123A'})"
0.038497003227293686,"frozenset({'23171', '23170'})"
0.03296449976947902,"frozenset({'23172', '23170'})"
0.034578146611341634,"frozenset({'23170', '23173'})"
0.030198248040571692,"frozenset({'23170', '23175'})"
0.03112033195020747,"frozenset({'23245', '23170'})"
0.03434762563393269,"frozenset({'23172', '23171'})"
0.03734439834024896,"frozenset({'23174', '23173'})"
0.03872752420470263,"frozenset({'23175', '23173'})"
0.03411710465652374,"frozenset({'23245', '23173'})"
0.038497003227293686,"frozenset({'23175', '23174'})"
0.04564315352697095,"frozenset({'23200', '23199'})"
0.04310742277547257,"frozenset({'23201', '23199'})"
0.04541263254956201,"frozenset({'23202', '23199'})"
0.05255878284923928,"frozenset({'23203', '23199'})"
0.046795758414015676,"frozenset({'23206', '23199'})"
0.03296449976947902,"frozenset({'23207', '23199'})"
0.033656062701705854,"frozenset({'23208', '23199'})"
0.039188566159520516,"frozenset({'23209', '23199'})"
0.03665283540802213,"frozenset({'23344', '23199'})"
0.05763024435223606,"frozenset({'85099B', '23199'})"
0.031581373905025356,"frozenset({'85099C', '23199'})"
0.03573075149838635,"frozenset({'85099F', '23199'})"
0.03550023052097741,"frozenset({'23201', '23200'})"
0.03734439834024896,"frozenset({'23202', '23200'})"
0.041954817888427844,"frozenset({'23203', '23200'})"
0.03204241585984324,"frozenset({'23206', '23200'})"
0.030889810972798526,"frozenset({'23344', '23200'})"
0.042876901798063624,"frozenset({'85099B', '23200'})"
0.04472106961733518,"frozenset({'23201', '23202'})"
0.052097740894421395,"frozenset({'23203', '23201'})"
0.036883356385431075,"frozenset({'23206', '23201'})"
0.043568464730290454,"frozenset({'23207', '23201'})"
0.039188566159520516,"frozenset({'23201', '23209'})"
0.03204241585984324,"frozenset({'23201', '23343'})"
0.0417242969110189,"frozenset({'23344', '23201'})"
0.0557860765329645,"frozenset({'85099B', '23201'})"
0.03273397879207008,"frozenset({'85099C', '23201'})"
0.036191793453204245,"frozenset({'85099F', '23201'})"
0.056016597510373446,"frozenset({'23203', '23202'})"
0.03642231443061319,"frozenset({'23206', '23202'})"
0.03273397879207008,"frozenset({'23207', '23202'})"
0.039880129091747346,"frozenset({'23202', '23208'})"
0.04103273397879207,"frozenset({'23209', '23202'})"
0.03734439834024896,"frozenset({'23344', '23202'})"
0.05255878284923928,"frozenset({'85099B', '23202'})"
0.03065928999538958,"frozenset({'85099C', '23202'})"
0.03273397879207008,"frozenset({'85099F', '23202'})"
0.042876901798063624,"frozenset({'23206', '23203'})"
0.040110650069156296,"frozenset({'23207', '23203'})"
0.03826648224988474,"frozenset({'23203', '23208'})"
0.06339326878745966,"frozenset({'23203', '23209'})"
0.03227293683725219,"frozenset({'23203', '23245'})"
0.0417242969110189,"frozenset({'23203', '23298'})"
0.036883356385431075,"frozenset({'23203', '23343'})"
0.04725680036883356,"frozenset({'23203', '23344'})"
0.035961272475795295,"frozenset({'23203', '23581'})"
0.03573075149838635,"frozenset({'23203', '23582'})"
0.03734439834024896,"frozenset({'23203', '47566'})"
0.0318118948824343,"frozenset({'23203', '84879'})"
0.07100046104195482,"frozenset({'23203', '85099B'})"
0.03711387736284002,"frozenset({'23203', '85099C'})"
0.04057169202397418,"frozenset({'23203', '85099F'})"
0.03642231443061319,"frozenset({'23203', '85123A'})"
0.05186721991701245,"frozenset({'23206', '23207'})"
0.04633471645919779,"frozenset({'23206', '23208'})"
0.056016597510373446,"frozenset({'23206', '23209'})"
0.03273397879207008,"frozenset({'23206', '23344'})"
0.030198248040571692,"frozenset({'23206', '47566'})"
0.04426002766251729,"frozenset({'23206', '85099B'})"
0.042185338865836794,"frozenset({'23207', '23208'})"
0.051175656984785614,"frozenset({'23207', '23209'})"
0.031581373905025356,"frozenset({'23207', '23344'})"
0.04034117104656524,"frozenset({'23207', '85099B'})"
0.03135085292761641,"frozenset({'23207', '85123A'})"
0.04863992623328723,"frozenset({'23209', '23208'})"
0.03480866758875058,"frozenset({'85099B', '23208'})"
0.030428769017980636,"frozenset({'23209', '23245'})"
0.03780544029506685,"frozenset({'23209', '23298'})"
0.035269709543568464,"frozenset({'23344', '23209'})"
0.03573075149838635,"frozenset({'23583', '23209'})"
0.03411710465652374,"frozenset({'23209', '47566'})"
0.0500230520977409,"frozenset({'85099B', '23209'})"
0.035269709543568464,"frozenset({'85123A', '23209'})"
0.030428769017980636,"frozenset({'23236', '23240'})"
0.03434762563393269,"frozenset({'23240', '23245'})"
0.03065928999538958,"frozenset({'23245', '23243'})"
0.035961272475795295,"frozenset({'23245', '23298'})"
0.030198248040571692,"frozenset({'23307', '23245'})"
0.039880129091747346,"frozenset({'23245', '47566'})"
0.035269709543568464,"frozenset({'84879', '23245'})"
0.03135085292761641,"frozenset({'85123A', '23245'})"
0.03895804518211157,"frozenset({'23256', '23254'})"
0.03065928999538958,"frozenset({'23263', '23266'})"
0.03112033195020747,"frozenset({'23266', '23265'})"
0.03065928999538958,"frozenset({'23301', '23284'})"
0.03665283540802213,"frozenset({'23355', '23284'})"
0.03135085292761641,"frozenset({'48138', '23284'})"
0.03135085292761641,"frozenset({'85123A', '23284'})"
0.03780544029506685,"frozenset({'23293', '23294'})"
0.04310742277547257,"frozenset({'23295', '23293'})"
0.04057169202397418,"frozenset({'23293', '23296'})"
0.03642231443061319,"frozenset({'23295', '23294'})"
0.03319502074688797,"frozenset({'23294', '23296'})"
0.03573075149838635,"frozenset({'23295', '23296'})"
0.03227293683725219,"frozenset({'23307', '23298'})"
0.03065928999538958,"frozenset({'23313', '23298'})"
0.06915629322268327,"frozenset({'47566', '23298'})"
0.042185338865836794,"frozenset({'84879', '23298'})"
0.04057169202397418,"frozenset({'85099B', '23298'})"
0.045873674504379895,"frozenset({'85123A', '23298'})"
0.06131857999077916,"frozenset({'23300', '23301'})"
0.03227293683725219,"frozenset({'23300', '85123A'})"
0.03665283540802213,"frozenset({'23355', '23301'})"
0.03296449976947902,"frozenset({'85099B', '23301'})"
0.036883356385431075,"frozenset({'23301', '85123A'})"
0.03895804518211157,"frozenset({'84991', '23307'})"
0.03342554172429691,"frozenset({'23319', '23318'})"
0.051175656984785614,"frozenset({'23322', '23321'})"
0.044490548639926235,"frozenset({'85123A', '23321'})"
0.04241585984324574,"frozenset({'85123A', '23322'})"
0.04541263254956201,"frozenset({'23344', '23343'})"
0.04057169202397418,"frozenset({'85099B', '23343'})"
0.05186721991701245,"frozenset({'23344', '85099B'})"
0.0437989857076994,"frozenset({'23355', '23356'})"
0.0318118948824343,"frozenset({'23355', '23503'})"
0.0318118948824343,"frozenset({'23355', '47566'})"
0.033656062701705854,"frozenset({'23355', '85099B'})"
0.03803596127247579,"frozenset({'23355', '85123A'})"
0.03711387736284002,"frozenset({'85099B', '23581'})"
0.0318118948824343,"frozenset({'85099B', '23582'})"
0.03227293683725219,"frozenset({'47566B', '47566'})"
0.03204241585984324,"frozenset({'82482', '47566'})"
0.04817888427846934,"frozenset({'84879', '47566'})"
0.04103273397879207,"frozenset({'85099B', '47566'})"
0.058782849239280774,"frozenset({'85123A', '47566'})"
0.044490548639926235,"frozenset({'47590B', '47590A'})"
0.03273397879207008,"frozenset({'82483', '82482'})"
0.06500691562932227,"frozenset({'82494L', '82482'})"
0.03273397879207008,"frozenset({'84879', '82482'})"
0.049562010142923,"frozenset({'85123A', '82482'})"
0.03642231443061319,"frozenset({'82483', '82486'})"
0.030428769017980636,"frozenset({'82494L', '82483'})"
0.03227293683725219,"frozenset({'82483', '85123A'})"
0.030889810972798526,"frozenset({'85123A', '82484'})"
0.04495159059474412,"frozenset({'82494L', '85123A'})"
0.03250345781466114,"frozenset({'82581', '82580'})"
0.04725680036883356,"frozenset({'84378', '84380'})"
0.03112033195020747,"frozenset({'84378', '85123A'})"
0.030198248040571692,"frozenset({'84755', '85123A'})"
0.03642231443061319,"frozenset({'85123A', '84836'})"
0.03411710465652374,"frozenset({'84946', '84879'})"
0.05463347164591978,"frozenset({'84879', '85123A'})"
0.0318118948824343,"frozenset({'84970S', '84970L'})"
0.030198248040571692,"frozenset({'84978', '85123A'})"
0.042185338865836794,"frozenset({'84991', '84992'})"
0.030198248040571692,"frozenset({'84991', '85099B'})"
0.034578146611341634,"frozenset({'84991', '85123A'})"
0.03135085292761641,"frozenset({'84997B', '84997C'})"
0.03296449976947902,"frozenset({'84997D', '84997B'})"
0.0396496081143384,"frozenset({'84997D', '84997C'})"
0.03250345781466114,"frozenset({'85123A', '85066'})"
0.05186721991701245,"frozenset({'85099B', '85099C'})"
0.056708160442600276,"frozenset({'85099B', '85099F'})"
0.051175656984785614,"frozenset({'85099B', '85123A'})"
0.03503918856615952,"frozenset({'85099C', '85099F'})"
