CustomerID,StockCode,RecommendationScore
12346,23167,88.74708061844251
12346,21401,38.739106270718736
12346,21400,38.739106270718736
12346,22962,31.183352924985087
12346,23165,28.540558838764365
12347,23077,77.84299258909186
12347,22418,38.15678365580074
12347,22693,37.5879076764055
12347,22614,33.224178321698275
12347,20725,28.986407968448475
12348,21986,570.6316563760404
12348,21975,353.2990547497628
12348,21212,272.8316172524807
12348,22909,202.97808967152517
12348,22961,199.9579115465005
12349,22649,31.251956831629695
12349,22055,24.136824484439032
12349,37450,22.937083545119766
12349,22398,22.769788852252262
12349,37447,22.769788852252262
12350,22154,8.72697502097302
12350,82580,5.734833418375642
12350,22966,5.552596878981692
12350,82494L,5.1461917747207515
12350,22555,5.07249330372445
