InvoiceNo,StockCode,Description,Quantity,InvoiceDate,UnitPrice,CustomerID,Country,TotalAmount,z_score,statistical_anomaly
536477,21137,BLACK RECORD COVER FRAME,480,2010-12-01 12:27:00,3.39,16210.0,United Kingdom,1627.2,5.914474247682568,True
536584,84029E,RED WOOLLY HOTTIE WHITE HEART.,384,2010-12-01 16:22:00,2.95,13777.0,United Kingdom,1132.8000000000002,4.094777128114027,True
536785,22423,REGENCY CAKESTAND 3 TIER,144,2010-12-02 15:22:00,10.95,15061.0,United Kingdom,1576.8,5.728971143260532,True
536809,84950,ASSORTED COLOUR T-LIGHT HOLDER,1824,2010-12-02 16:48:00,0.55,15299.0,United Kingdom,1003.2,3.6177691453145053,True
536830,21915,RED  HARMONICA IN BOX ,1400,2010-12-02 17:38:00,1.06,16754.0,United Kingdom,1484.0,5.387409871626307,True
536876,DOT,DOTCOM POSTAGE,1,2010-12-03 11:36:00,887.52,,United Kingdom,887.52,3.1919953532601184,True
536970,22423,REGENCY CAKESTAND 3 TIER,120,2010-12-03 13:12:00,10.95,17949.0,United Kingdom,1314.0,4.761704955917059,True
536982,22423,REGENCY CAKESTAND 3 TIER,33,2010-12-03 14:27:00,25.49,,United Kingdom,841.17,3.0213987483005673,True
536982,84029E,RED WOOLLY HOTTIE WHITE HEART.,108,2010-12-03 14:27:00,8.47,,United Kingdom,914.7600000000001,3.2922553644596477,True
537235,22622,BOX OF VINTAGE ALPHABET BLOCKS,156,2010-12-06 09:45:00,8.5,17381.0,United Kingdom,1326.0,4.80587236173183,True
537237,DOT,DOTCOM POSTAGE,1,2010-12-06 09:58:00,863.74,,United Kingdom,863.74,3.1044702774038484,True
537240,DOT,DOTCOM POSTAGE,1,2010-12-06 10:08:00,940.87,,United Kingdom,940.87,3.3883562782782852,True
537256,21137,BLACK RECORD COVER FRAME,480,2010-12-06 11:06:00,3.39,16210.0,United Kingdom,1627.2,5.914474247682568,True
537434,DOT,DOTCOM POSTAGE,1,2010-12-06 16:57:00,950.99,,United Kingdom,950.99,3.425604123848742,True
537456,22470,HEART OF WICKER LARGE,378,2010-12-07 09:43:00,3.21,17450.0,United Kingdom,1213.3799999999999,4.391361258160209,True
537534,M,Manual,1,2010-12-07 11:48:00,924.59,,United Kingdom,924.59,3.3284358310562467,True
537618,22423,REGENCY CAKESTAND 3 TIER,80,2010-12-07 13:50:00,10.95,15061.0,United Kingdom,876.0,3.1495946436779385,True
537632,AMAZONFEE,AMAZON FEE,1,2010-12-07 15:08:00,13541.33,,United Kingdom,13541.33,49.76582546767681,True
537638,DOT,DOTCOM POSTAGE,1,2010-12-07 15:28:00,836.14,,United Kingdom,836.14,3.0028852440298763,True
537657,82484,WOOD BLACK BOARD ANT WHITE FINISH,408,2010-12-07 16:42:00,4.78,18102.0,United Kingdom,1950.24,7.103460812216189,True
537657,22189,CREAM HEART CARD HOLDER,972,2010-12-07 16:42:00,2.31,18102.0,United Kingdom,2245.32,8.189537321201394,True
537657,22188,BLACK HEART CARD HOLDER,972,2010-12-07 16:42:00,2.31,18102.0,United Kingdom,2245.32,8.189537321201394,True
537657,21623,VINTAGE UNION JACK MEMOBOARD,408,2010-12-07 16:42:00,6.38,18102.0,United Kingdom,2603.04,9.506167688539701,True
537659,22189,CREAM HEART CARD HOLDER,1008,2010-12-07 16:43:00,2.31,18102.0,United Kingdom,2328.48,8.495617443497753,True
537659,22188,BLACK HEART CARD HOLDER,1008,2010-12-07 16:43:00,2.31,18102.0,United Kingdom,2328.48,8.495617443497753,True
537659,21623,VINTAGE UNION JACK MEMOBOARD,600,2010-12-07 16:43:00,6.38,18102.0,United Kingdom,3828.0,14.014776474111468,True
537659,82484,WOOD BLACK BOARD ANT WHITE FINISH,600,2010-12-07 16:43:00,4.78,18102.0,United Kingdom,2868.0,10.481384008929833,True
537659,22833,HALL CABINET WITH 3 DRAWERS,72,2010-12-07 16:43:00,32.69,18102.0,United Kingdom,2353.68,8.588368995708771,True
537899,22328,ROUND SNACK BOXES SET OF 4 FRUITS ,1488,2010-12-09 10:44:00,2.55,12755.0,Japan,3794.3999999999996,13.89110773783011,True
538063,22830,UTILTY CABINET WITH HOOKS,96,2010-12-09 13:44:00,19.94,18102.0,United Kingdom,1914.2400000000002,6.9709585947718775,True
538071,DOT,DOTCOM POSTAGE,1,2010-12-09 14:09:00,885.94,,United Kingdom,885.94,3.186179978161174,True
538177,DOT,DOTCOM POSTAGE,1,2010-12-10 09:51:00,847.42,,United Kingdom,847.42,3.0444026054957605,True
538191,22423,REGENCY CAKESTAND 3 TIER,272,2010-12-10 10:49:00,10.95,15061.0,United Kingdom,2978.3999999999996,10.88772414242572,True
538349,DOT,DOTCOM POSTAGE,1,2010-12-10 14:59:00,907.47,,United Kingdom,907.47,3.2654236654271744,True
538351,21479,WHITE SKULL HOT WATER BOTTLE ,106,2010-12-10 15:17:00,8.47,,United Kingdom,897.82,3.2299057099177966,True
538351,22423,REGENCY CAKESTAND 3 TIER,38,2010-12-10 15:17:00,25.49,,United Kingdom,968.6199999999999,3.4904934042249414,True
538351,84029E,RED WOOLLY HOTTIE WHITE HEART.,115,2010-12-10 15:17:00,8.47,,United Kingdom,974.0500000000001,3.510479155356126,True
538848,85232B,SET OF 3 BABUSHKA STACKING TINS,240,2010-12-14 13:28:00,4.95,17404.0,Sweden,1188.0,4.29794719486197,True
538877,22114,HOT WATER BOTTLE TEA AND SYMPATHY,104,2010-12-14 15:29:00,9.32,,United Kingdom,969.28,3.492922611544754,True
538877,22423,REGENCY CAKESTAND 3 TIER,52,2010-12-14 15:29:00,25.49,,United Kingdom,1325.48,4.80395844081319,True
538877,84029E,RED WOOLLY HOTTIE WHITE HEART.,120,2010-12-14 15:29:00,8.47,,United Kingdom,1016.4000000000001,3.6663532917107533,True
538998,84347,ROTATING SILVER ANGELS T-LIGHT HLDR,480,2010-12-15 12:08:00,1.88,15061.0,United Kingdom,902.4,3.2467629364704336,True
538998,22423,REGENCY CAKESTAND 3 TIER,80,2010-12-15 12:08:00,10.95,15061.0,United Kingdom,876.0,3.1495946436779385,True
539101,22693,GROW A FLYTRAP OR SUNFLOWER IN TIN,2400,2010-12-16 10:35:00,0.94,16029.0,United Kingdom,2256.0,8.22884631237654,True
539109,85123A,WHITE HANGING HEART T-LIGHT HOLDER,500,2010-12-16 11:07:00,2.55,16013.0,United Kingdom,1275.0,4.618160887019055,True
539257,21137,BLACK RECORD COVER FRAME,480,2010-12-16 14:29:00,3.39,16210.0,United Kingdom,1627.2,5.914474247682568,True
539750,22114,HOT WATER BOTTLE TEA AND SYMPATHY,210,2010-12-21 15:40:00,9.32,,United Kingdom,1957.2,7.129077907588755,True
539750,22423,REGENCY CAKESTAND 3 TIER,79,2010-12-21 15:40:00,25.49,,United Kingdom,2013.7099999999998,7.337069582804811,True
539750,84029E,RED WOOLLY HOTTIE WHITE HEART.,215,2010-12-21 15:40:00,8.47,,United Kingdom,1821.0500000000002,6.627961882448672,True
539750,84029G,KNITTED UNION FLAG HOT WATER BOTTLE,129,2010-12-21 15:40:00,8.47,,United Kingdom,1092.63,3.946926737149082,True
539750,21479,WHITE SKULL HOT WATER BOTTLE ,197,2010-12-21 15:40:00,8.47,,United Kingdom,1668.5900000000001,6.066814991572014,True
539856,M,Manual,1,2010-12-22 14:41:00,1298.4,,United Kingdom,1298.4,4.704287328357858,True
540160,22379,RECYCLING BAG RETROSPOT ,600,2011-01-05 11:50:00,1.85,15769.0,United Kingdom,1110.0,4.010859057065962,True
540175,79321,CHILLI LIGHTS,480,2011-01-05 12:37:00,3.98,16532.0,United Kingdom,1910.4,6.956825024911151,True
540267,22720,SET OF 3 CAKE TINS PANTRY DESIGN ,240,2011-01-06 11:12:00,4.25,12415.0,Australia,1020.0,3.679603513455184,True
540689,21733,RED HANGING HEART T-LIGHT HOLDER,860,2011-01-11 08:43:00,3.24,17450.0,United Kingdom,2786.4,10.181045649389393,True
540689,85123A,WHITE HANGING HEART T-LIGHT HOLDER,1010,2011-01-11 08:43:00,3.24,17450.0,United Kingdom,3272.4,11.969825584887596,True
540689,22469,HEART OF WICKER SMALL,1356,2011-01-11 08:43:00,1.93,17450.0,United Kingdom,2617.08,9.557843553342982,True
540689,22470,HEART OF WICKER LARGE,1284,2011-01-11 08:43:00,3.21,17450.0,United Kingdom,4121.64,15.095552894398901,True
540698,21621,VINTAGE UNION JACK BUNTING,186,2011-01-11 09:24:00,8.87,17450.0,United Kingdom,1649.82,5.99772980764341,True
540785,84997D,PINK 3 PIECE POLKADOT CUTLERY SET,360,2011-01-11 11:39:00,3.39,12557.0,Spain,1220.4,4.41719919056185,True
540785,84997C,BLUE 3 PIECE POLKADOT CUTLERY SET,360,2011-01-11 11:39:00,3.39,12557.0,Spain,1220.4,4.41719919056185,True
540815,85123A,WHITE HANGING HEART T-LIGHT HOLDER,1930,2011-01-11 12:55:00,2.55,15749.0,United Kingdom,4921.5,18.039531328982424,True
540815,21175,GIN + TONIC DIET METAL SIGN,2000,2011-01-11 12:55:00,1.85,15749.0,United Kingdom,3700.0,13.543657478753916,True
540815,21108,FAIRY CAKE FLANNEL ASSORTED COLOUR,3114,2011-01-11 12:55:00,2.1,15749.0,United Kingdom,6539.400000000001,23.994401817958853,True
540818,47556B,TEA TIME TEA TOWELS ,1300,2011-01-11 12:57:00,2.55,15749.0,United Kingdom,3314.9999999999995,12.12661987553003,True
540818,48185,DOORMAT FAIRY CAKE,670,2011-01-11 12:57:00,6.75,15749.0,United Kingdom,4522.5,16.57096508564131,True
541220,22423,REGENCY CAKESTAND 3 TIER,160,2011-01-14 14:11:00,10.95,14156.0,EIRE,1752.0,6.37381526815618,True
541220,22838,3 TIER CAKE TIN RED AND CREAM,96,2011-01-14 14:11:00,12.75,14156.0,EIRE,1224.0,4.430449412306281,True
541220,22840,ROUND CAKE TIN VINTAGE RED,144,2011-01-14 14:11:00,6.95,14156.0,EIRE,1000.8000000000001,3.6089356641515518,True
541431,23166,MEDIUM CERAMIC TOP STORAGE JAR,74215,2011-01-18 10:01:00,1.04,12346.0,United Kingdom,77183.6,284.0086559729427,True
543047,21137,BLACK RECORD COVER FRAME,480,2011-02-03 09:42:00,3.39,16210.0,United Kingdom,1627.2,5.914474247682568,True
543378,22189,CREAM HEART CARD HOLDER,504,2011-02-07 15:34:00,2.31,18102.0,United Kingdom,1164.24,4.210495731348725,True
543378,21623,VINTAGE UNION JACK MEMOBOARD,504,2011-02-07 15:34:00,6.38,18102.0,United Kingdom,3215.52,11.760472081325585,True
543379,82484,WOOD BLACK BOARD ANT WHITE FINISH,204,2011-02-07 15:37:00,4.77,18102.0,United Kingdom,973.0799999999999,3.5069089567194314,True
543379,22189,CREAM HEART CARD HOLDER,504,2011-02-07 15:37:00,2.31,18102.0,United Kingdom,1164.24,4.210495731348725,True
543379,21623,VINTAGE UNION JACK MEMOBOARD,504,2011-02-07 15:37:00,6.38,18102.0,United Kingdom,3215.52,11.760472081325585,True
543669,22693,GROW A FLYTRAP OR SUNFLOWER IN TIN,2400,2011-02-11 11:22:00,0.94,16029.0,United Kingdom,2256.0,8.22884631237654,True
543842,22693,GROW A FLYTRAP OR SUNFLOWER IN TIN,1056,2011-02-14 11:22:00,1.06,16333.0,United Kingdom,1119.3600000000001,4.045309633601483,True
544612,22053,EMPIRE DESIGN ROSETTE,3906,2011-02-22 10:43:00,0.82,18087.0,United Kingdom,3202.9199999999996,11.714096305220075,True
544936,20749,ASSORTED COLOUR MINI CASES,204,2011-02-25 09:37:00,6.35,15769.0,United Kingdom,1295.3999999999999,4.693245476904164,True
545320,22838,3 TIER CAKE TIN RED AND CREAM,96,2011-03-01 14:47:00,12.75,14156.0,EIRE,1224.0,4.430449412306281,True
545341,22423,REGENCY CAKESTAND 3 TIER,150,2011-03-02 09:03:00,10.95,17949.0,United Kingdom,1642.5,5.9707876900964,True
545414,84078A,SET/4 WHITE RETRO STORAGE CUBES ,24,2011-03-02 12:43:00,34.95,12980.0,United Kingdom,838.8000000000001,3.0126756856521504,True
545466,21621,VINTAGE UNION JACK BUNTING,200,2011-03-03 09:26:00,6.98,18102.0,United Kingdom,1396.0,5.063515562317991,True
545475,21217,RED RETROSPOT ROUND CAKE TINS,120,2011-03-03 10:59:00,8.95,12415.0,Australia,1074.0,3.8783568396216506,True
546067,22469,HEART OF WICKER SMALL,600,2011-03-09 10:58:00,1.93,17450.0,United Kingdom,1158.0,4.187528680325044,True
546328,M,Manual,1,2011-03-11 10:19:00,1687.17,14911.0,EIRE,1687.17,6.135200858241883,True
546329,M,Manual,1,2011-03-11 10:22:00,1687.17,14911.0,EIRE,1687.17,6.135200858241883,True
546558,M,Manual,1,2011-03-15 09:50:00,2583.76,,Hong Kong,2583.76,9.43520538986397,True
546789,20711,JUMBO BAG TOYS ,600,2011-03-17 10:17:00,1.65,15769.0,United Kingdom,990.0,3.569184998918258,True
546789,20713,JUMBO BAG OWLS,700,2011-03-17 10:17:00,1.65,15769.0,United Kingdom,1155.0,4.176486828871351,True
546789,85099F,JUMBO BAG STRAWBERRY,900,2011-03-17 10:17:00,1.65,15769.0,United Kingdom,1485.0,5.391090488777539,True
546789,22386,JUMBO BAG PINK POLKADOT,800,2011-03-17 10:17:00,1.65,15769.0,United Kingdom,1320.0,4.783788658824444,True
546789,85099B,JUMBO BAG RED RETROSPOT,1200,2011-03-17 10:17:00,1.65,15769.0,United Kingdom,1980.0,7.212995978636819,True
547706,22900, SET 2 TEA TOWELS I LOVE LONDON ,600,2011-03-24 18:25:00,2.32,12901.0,United Kingdom,1392.0,5.048793093713067,True
547708,22458,CAST IRON HOOK GARDEN FORK,324,2011-03-24 18:34:00,2.69,17450.0,United Kingdom,871.56,3.1332527035264732,True
547708,21897,POTTING SHED CANDLE CITRONELLA,342,2011-03-24 18:34:00,3.21,17450.0,United Kingdom,1097.82,3.9660291401639696,True
547708,21898,POTTING SHED ROSE CANDLE,378,2011-03-24 18:34:00,3.21,17450.0,United Kingdom,1213.3799999999999,4.391361258160209,True
547708,21896,POTTING SHED TWINE,432,2011-03-24 18:34:00,2.4,17450.0,United Kingdom,1036.8,3.7414378815958624,True
547708,21259,VICTORIAN SEWING BOX SMALL ,192,2011-03-24 18:34:00,6.0,17450.0,United Kingdom,1152.0,4.165444977417659,True
547708,85066,CREAM SWEETHEART MINI CHEST,160,2011-03-24 18:34:00,12.98,17450.0,United Kingdom,2076.8,7.569279718875968,True
547812,82484,WOOD BLACK BOARD ANT WHITE FINISH,300,2011-03-25 14:06:00,4.77,18102.0,United Kingdom,1430.9999999999998,5.192337162611071,True
547812,22507,MEMO BOARD RETROSPOT  DESIGN,304,2011-03-25 14:06:00,3.85,18102.0,United Kingdom,1170.4,4.2331683330003065,True
547812,22189,CREAM HEART CARD HOLDER,432,2011-03-25 14:06:00,2.31,18102.0,United Kingdom,997.9200000000001,3.5983354867560067,True
547812,21623,VINTAGE UNION JACK MEMOBOARD,300,2011-03-25 14:06:00,6.38,18102.0,United Kingdom,1914.0,6.970075246655582,True
547941,21621,VINTAGE UNION JACK BUNTING,150,2011-03-28 14:46:00,7.45,16692.0,United Kingdom,1117.5,4.038463685700194,True
548011,22629,SPACEBOY LUNCH BOX ,640,2011-03-29 11:14:00,1.65,14646.0,Netherlands,1056.0,3.812105730899495,True
548011,22630,DOLLY GIRL LUNCH BOX,640,2011-03-29 11:14:00,1.65,14646.0,Netherlands,1056.0,3.812105730899495,True
548203,22197,SMALL POPCORN HOLDER,637,2011-03-29 16:40:00,1.95,,United Kingdom,1242.1499999999999,4.497252613601121,True
548203,21621,VINTAGE UNION JACK BUNTING,45,2011-03-29 16:41:00,19.95,,United Kingdom,897.75,3.22964806671721,True
548203,85099B,JUMBO BAG RED RETROSPOT,211,2011-03-29 16:41:00,4.95,,United Kingdom,1044.45,3.7695946028027785,True
548633,22693,GROW A FLYTRAP OR SUNFLOWER IN TIN,864,2011-04-01 12:25:00,1.06,16333.0,United Kingdom,915.84,3.296230430982977,True
548813,M,Manual,1,2011-04-04 13:03:00,2382.92,12744.0,Singapore,2382.92,8.695990241210762,True
548813,M,Manual,1,2011-04-04 13:03:00,1252.95,12744.0,Singapore,1252.95,4.537003278834415,True
548820,M,Manual,1,2011-04-04 13:04:00,2053.07,12744.0,Singapore,2053.07,7.481938673877259,True
548913,M,Manual,1,2011-04-05 09:45:00,1136.3,12669.0,France,1136.3,4.107659288143334,True
549027,22727,ALARM CLOCK BAKELIKE RED ,500,2011-04-05 17:02:00,3.39,17857.0,United Kingdom,1695.0,6.164020090536021,True
549027,22728,ALARM CLOCK BAKELIKE PINK,500,2011-04-05 17:02:00,3.39,17857.0,United Kingdom,1695.0,6.164020090536021,True
549027,22729,ALARM CLOCK BAKELIKE ORANGE,300,2011-04-05 17:02:00,3.39,17857.0,United Kingdom,1017.0,3.6685616620014914,True
549027,22726,ALARM CLOCK BAKELIKE GREEN,300,2011-04-05 17:02:00,3.39,17857.0,United Kingdom,1017.0,3.6685616620014914,True
549468,M,Manual,1,2011-04-08 14:27:00,1867.86,17940.0,United Kingdom,1867.86,6.800251571297789,True
549591,22084,PAPER CHAIN KIT EMPIRE,330,2011-04-11 10:10:00,2.55,18080.0,United Kingdom,841.4999999999999,3.0226133519604734,True
549925,22693,GROW A FLYTRAP OR SUNFLOWER IN TIN,1056,2011-04-13 10:12:00,1.06,16333.0,United Kingdom,1119.3600000000001,4.045309633601483,True
550135,84997B,CHILDRENS CUTLERY RETROSPOT RED ,288,2011-04-14 13:52:00,3.39,15769.0,United Kingdom,976.32,3.5188341562894196,True
550461,85123A,WHITE HANGING HEART T-LIGHT HOLDER,1930,2011-04-18 13:20:00,2.4,15749.0,United Kingdom,4632.0,16.973992663701086,True
550461,47556B,TEA TIME TEA TOWELS ,1300,2011-04-18 13:20:00,2.1,15749.0,United Kingdom,2730.0,9.973458842059973,True
550461,48185,DOORMAT FAIRY CAKE,670,2011-04-18 13:20:00,6.35,15749.0,United Kingdom,4254.5,15.584559689111433,True
550461,21175,GIN + TONIC DIET METAL SIGN,2000,2011-04-18 13:20:00,1.69,15749.0,United Kingdom,3380.0,12.365859990360038,True
550461,21108,FAIRY CAKE FLANNEL ASSORTED COLOUR,3114,2011-04-18 13:20:00,2.1,15749.0,United Kingdom,6539.400000000001,23.994401817958853,True
550608,22970,LONDON BUS COFFEE MUG,462,2011-04-19 12:19:00,2.1,12901.0,United Kingdom,970.2,3.4963087793238867,True
551166,21556,CERAMIC STRAWBERRY MONEY BOX,408,2011-04-26 16:01:00,2.25,17857.0,United Kingdom,918.0,3.304180564029635,True
551259,22423,REGENCY CAKESTAND 3 TIER,150,2011-04-27 12:04:00,10.95,17949.0,United Kingdom,1642.5,5.9707876900964,True
551547,47566,PARTY BUNTING,124,2011-05-03 09:44:00,10.79,,United Kingdom,1337.9599999999998,4.84989254286055,True
551697,POST,POSTAGE,1,2011-05-03 13:46:00,8142.75,16029.0,United Kingdom,8142.75,29.895719327384864,True
552833,23167,SMALL CERAMIC TOP STORAGE JAR ,1350,2011-05-11 14:14:00,0.69,18133.0,United Kingdom,931.4999999999999,3.3538688955712517,True
552888,22423,REGENCY CAKESTAND 3 TIER,120,2011-05-12 10:23:00,10.95,15061.0,United Kingdom,1314.0,4.761704955917059,True
552904,71477,COLOUR GLASS. STAR T-LIGHT HOLDER,428,2011-05-12 11:07:00,2.75,16013.0,United Kingdom,1177.0,4.2574604061984305,True
553368,22783,SET 3 WICKER OVAL BASKETS W LIDS,80,2011-05-16 14:24:00,16.95,18102.0,United Kingdom,1356.0,4.916290876268756,True
553368,23284,DOORMAT KEEP CALM AND COME IN,200,2011-05-16 14:24:00,4.58,18102.0,United Kingdom,916.0,3.2968193297271733,True
553368,20685,DOORMAT RED RETROSPOT,200,2011-05-16 14:24:00,4.58,18102.0,United Kingdom,916.0,3.2968193297271733,True
553470,23134,LARGE ZINC HEART WALL ORGANISER,200,2011-05-17 11:27:00,5.88,18102.0,United Kingdom,1176.0,4.253779789047199,True
553550,22968,ROSE COTTAGE KEEPSAKE BOX ,100,2011-05-17 16:21:00,8.5,13631.0,United Kingdom,850.0,3.053898597745936,True
554071,22501,PICNIC BASKET WICKER LARGE,200,2011-05-22 11:17:00,8.5,13113.0,United Kingdom,1700.0,6.1824231762921755,True
554155,M,Manual,1,2011-05-23 11:26:00,1241.98,12757.0,Portugal,1241.98,4.496626908685412,True
554272,21977,PACK OF 60 PINK PAISLEY CAKE CASES,2700,2011-05-23 13:08:00,0.42,12901.0,United Kingdom,1134.0,4.099193868695503,True
554301,M,Manual,1,2011-05-23 14:46:00,1241.98,12757.0,Portugal,1241.98,4.496626908685412,True
554358,22470,HEART OF WICKER LARGE,408,2011-05-24 09:32:00,2.55,17450.0,United Kingdom,1040.3999999999999,3.7546881033402935,True
554358,21770,OPEN CLOSED METAL SIGN,420,2011-05-24 09:32:00,4.25,17450.0,United Kingdom,1785.0,6.495275634146799,True
554366,22349,DOG BOWL CHASING BALL DESIGN,756,2011-05-24 10:24:00,4.18,17450.0,United Kingdom,3160.08,11.556418666461346,True
554366,22350,ILLUSTRATED CAT BOWL ,888,2011-05-24 10:24:00,2.69,17450.0,United Kingdom,2388.72,8.7173378206879,True
554366,22702,BLACK AND WHITE CAT BOWL,888,2011-05-24 10:24:00,2.4,17450.0,United Kingdom,2131.2,7.769505291902926,True
554366,22700,BLACK AND WHITE DOG BOWL,552,2011-05-24 10:24:00,3.24,17450.0,United Kingdom,1788.48,6.508084181833083,True
554642,22243,5 HOOK HANGER RED MAGIC TOADSTOOL,960,2011-05-25 12:19:00,1.45,14646.0,Netherlands,1392.0,5.048793093713067,True
554845,22469,HEART OF WICKER SMALL,738,2011-05-26 19:49:00,1.93,17450.0,United Kingdom,1424.34,5.167824252383873,True
554845,22470,HEART OF WICKER LARGE,330,2011-05-26 19:49:00,3.21,17450.0,United Kingdom,1059.3,3.8242517674985566,True
554845,85123A,WHITE HANGING HEART T-LIGHT HOLDER,608,2011-05-26 19:49:00,3.24,17450.0,United Kingdom,1969.92,7.175895357752412,True
554868,22197,SMALL POPCORN HOLDER,4300,2011-05-27 10:52:00,0.72,13135.0,United Kingdom,3096.0,11.32056471941047,True
554956,47566,PARTY BUNTING,143,2011-05-27 15:17:00,10.79,,United Kingdom,1542.9699999999998,5.604455865034391,True
555478,21137,BLACK RECORD COVER FRAME,336,2011-06-03 12:28:00,3.39,13777.0,United Kingdom,1139.04,4.1177441791377065,True
555490,22423,REGENCY CAKESTAND 3 TIER,120,2011-06-03 13:50:00,10.95,17949.0,United Kingdom,1314.0,4.761704955917059,True
555920,22783,SET 3 WICKER OVAL BASKETS W LIDS,74,2011-06-07 16:35:00,12.48,18102.0,United Kingdom,923.52,3.3244975707044295,True
555920,48138,DOORMAT UNION FLAG,200,2011-06-07 16:35:00,4.58,18102.0,United Kingdom,916.0,3.2968193297271733,True
555920,48173C,DOORMAT BLACK FLOCK ,200,2011-06-07 16:35:00,4.58,18102.0,United Kingdom,916.0,3.2968193297271733,True
555920,48188,DOORMAT WELCOME PUPPIES,200,2011-06-07 16:35:00,4.58,18102.0,United Kingdom,916.0,3.2968193297271733,True
555920,22690,DOORMAT HOME SWEET HOME BLUE ,200,2011-06-07 16:35:00,4.58,18102.0,United Kingdom,916.0,3.2968193297271733,True
555920,21523,DOORMAT FANCY FONT HOME SWEET HOME,200,2011-06-07 16:35:00,4.58,18102.0,United Kingdom,916.0,3.2968193297271733,True
555920,48185,DOORMAT FAIRY CAKE,200,2011-06-07 16:35:00,4.58,18102.0,United Kingdom,916.0,3.2968193297271733,True
555920,21955,DOORMAT UNION JACK GUNS AND ROSES,200,2011-06-07 16:35:00,4.58,18102.0,United Kingdom,916.0,3.2968193297271733,True
555920,48194,DOORMAT HEARTS,200,2011-06-07 16:35:00,4.58,18102.0,United Kingdom,916.0,3.2968193297271733,True
555920,48187,DOORMAT NEW ENGLAND,200,2011-06-07 16:35:00,4.58,18102.0,United Kingdom,916.0,3.2968193297271733,True
555920,20685,DOORMAT RED RETROSPOT,200,2011-06-07 16:35:00,4.58,18102.0,United Kingdom,916.0,3.2968193297271733,True
555920,23284,DOORMAT KEEP CALM AND COME IN,200,2011-06-07 16:35:00,4.58,18102.0,United Kingdom,916.0,3.2968193297271733,True
556080,47566,PARTY BUNTING,115,2011-06-08 15:21:00,10.79,,United Kingdom,1240.85,4.492467811304521,True
556255,48138,DOORMAT UNION FLAG,300,2011-06-09 17:27:00,4.58,18102.0,United Kingdom,1374.0,4.982541984990911,True
556255,48173C,DOORMAT BLACK FLOCK ,300,2011-06-09 17:27:00,4.58,18102.0,United Kingdom,1374.0,4.982541984990911,True
556255,48188,DOORMAT WELCOME PUPPIES,300,2011-06-09 17:27:00,4.58,18102.0,United Kingdom,1374.0,4.982541984990911,True
556255,22690,DOORMAT HOME SWEET HOME BLUE ,300,2011-06-09 17:27:00,4.58,18102.0,United Kingdom,1374.0,4.982541984990911,True
556255,21523,DOORMAT FANCY FONT HOME SWEET HOME,300,2011-06-09 17:27:00,4.58,18102.0,United Kingdom,1374.0,4.982541984990911,True
556255,48185,DOORMAT FAIRY CAKE,300,2011-06-09 17:27:00,4.58,18102.0,United Kingdom,1374.0,4.982541984990911,True
556255,21955,DOORMAT UNION JACK GUNS AND ROSES,300,2011-06-09 17:27:00,4.58,18102.0,United Kingdom,1374.0,4.982541984990911,True
556255,48116,DOORMAT MULTICOLOUR STRIPE,300,2011-06-09 17:27:00,4.58,18102.0,United Kingdom,1374.0,4.982541984990911,True
556255,48194,DOORMAT HEARTS,300,2011-06-09 17:27:00,4.58,18102.0,United Kingdom,1374.0,4.982541984990911,True
556255,48187,DOORMAT NEW ENGLAND,300,2011-06-09 17:27:00,4.58,18102.0,United Kingdom,1374.0,4.982541984990911,True
556255,20685,DOORMAT RED RETROSPOT,300,2011-06-09 17:27:00,4.58,18102.0,United Kingdom,1374.0,4.982541984990911,True
556255,23284,DOORMAT KEEP CALM AND COME IN,300,2011-06-09 17:27:00,4.58,18102.0,United Kingdom,1374.0,4.982541984990911,True
556444,22502,PICNIC BASKET WICKER 60 PIECES,60,2011-06-10 15:28:00,649.5,15098.0,United Kingdom,38970.0,143.3590244026667,True
556574,21137,BLACK RECORD COVER FRAME,360,2011-06-13 13:41:00,3.39,16209.0,United Kingdom,1220.4,4.41719919056185,True
556718,71477,COLOUR GLASS. STAR T-LIGHT HOLDER,660,2011-06-14 11:02:00,2.75,16013.0,United Kingdom,1815.0,6.6056941486837255,True
556725,22783,SET 3 WICKER OVAL BASKETS W LIDS,200,2011-06-14 11:28:00,12.48,18102.0,United Kingdom,2496.0,9.112194428671948,True
556726,82484,WOOD BLACK BOARD ANT WHITE FINISH,204,2011-06-14 11:31:00,4.8,18102.0,United Kingdom,979.1999999999999,3.5294343336849643,True
556726,23135,SMALL ZINC HEART WALL ORGANISER,300,2011-06-14 11:31:00,3.32,18102.0,United Kingdom,996.0,3.5912687018256433,True
556726,23134,LARGE ZINC HEART WALL ORGANISER,304,2011-06-14 11:31:00,5.88,18102.0,United Kingdom,1787.52,6.504550789367901,True
556726,22171,3 HOOK PHOTO SHELF ANTIQUE WHITE,204,2011-06-14 11:31:00,5.88,18102.0,United Kingdom,1199.52,4.340347904444149,True
556726,21623,VINTAGE UNION JACK MEMOBOARD,204,2011-06-14 11:31:00,6.4,18102.0,United Kingdom,1305.6000000000001,4.73078777184672,True
556917,23243,SET OF TEA COFFEE SUGAR TINS PANTRY,240,2011-06-15 13:37:00,4.15,12415.0,Australia,996.0000000000001,3.5912687018256437,True
556917,23245,SET OF 3 REGENCY CAKE TINS,240,2011-06-15 13:37:00,4.15,12415.0,Australia,996.0000000000001,3.5912687018256437,True
557125,22722,SET OF 6 SPICE TINS PANTRY DESIGN,264,2011-06-16 18:40:00,3.45,17450.0,United Kingdom,910.8000000000001,3.277680120540773,True
557377,M,Manual,1,2011-06-20 11:00:00,1917.0,,EIRE,1917.0,6.981117098109274,True
557377,M,Manual,1,2011-06-20 11:00:00,1216.12,,EIRE,1216.12,4.401446149154581,True
558371,47566,PARTY BUNTING,81,2011-06-28 15:44:00,10.79,,United Kingdom,873.9899999999999,3.1421966032039643,True
558475,DOT,DOTCOM POSTAGE,1,2011-06-29 15:58:00,858.46,,United Kingdom,858.46,3.0850366188453493,True
558523,21877,HOME SWEET HOME MUG,828,2011-06-30 10:44:00,1.06,17949.0,United Kingdom,877.6800000000001,3.1557780804920066,True
558526,22699,ROSES REGENCY TEACUP AND SAUCER ,768,2011-06-30 11:01:00,2.55,17949.0,United Kingdom,1958.3999999999999,7.133494648170232,True
558526,23170,REGENCY TEA PLATE ROSES ,720,2011-06-30 11:01:00,1.45,17949.0,United Kingdom,1044.0,3.767938325084725,True
558526,23171,REGENCY TEA PLATE GREEN ,768,2011-06-30 11:01:00,1.45,17949.0,United Kingdom,1113.6,4.024109278810393,True
558526,23173,REGENCY TEAPOT ROSES ,540,2011-06-30 11:01:00,8.15,17949.0,United Kingdom,4401.0,16.123770101766755,True
558526,23174,REGENCY SUGAR BOWL GREEN,696,2011-06-30 11:01:00,3.75,17949.0,United Kingdom,2610.0,9.531784783912268,True
558526,23175,REGENCY MILK JUG PINK ,696,2011-06-30 11:01:00,2.75,17949.0,United Kingdom,1914.0,6.970075246655582,True
558554,23245,SET OF 3 REGENCY CAKE TINS,576,2011-06-30 12:50:00,4.15,17949.0,United Kingdom,2390.4,8.72352125750197,True
558775,48173C,DOORMAT BLACK FLOCK ,300,2011-07-04 10:20:00,4.58,18102.0,United Kingdom,1374.0,4.982541984990911,True
558775,48194,DOORMAT HEARTS,300,2011-07-04 10:20:00,4.58,18102.0,United Kingdom,1374.0,4.982541984990911,True
558775,48188,DOORMAT WELCOME PUPPIES,300,2011-07-04 10:20:00,4.58,18102.0,United Kingdom,1374.0,4.982541984990911,True
558775,48187,DOORMAT NEW ENGLAND,300,2011-07-04 10:20:00,4.58,18102.0,United Kingdom,1374.0,4.982541984990911,True
558775,21523,DOORMAT FANCY FONT HOME SWEET HOME,300,2011-07-04 10:20:00,4.58,18102.0,United Kingdom,1374.0,4.982541984990911,True
558775,20685,DOORMAT RED RETROSPOT,200,2011-07-04 10:20:00,4.58,18102.0,United Kingdom,916.0,3.2968193297271733,True
558776,48173C,DOORMAT BLACK FLOCK ,200,2011-07-04 10:20:00,4.58,18102.0,United Kingdom,916.0,3.2968193297271733,True
558776,48194,DOORMAT HEARTS,200,2011-07-04 10:20:00,4.58,18102.0,United Kingdom,916.0,3.2968193297271733,True
558776,48188,DOORMAT WELCOME PUPPIES,200,2011-07-04 10:20:00,4.58,18102.0,United Kingdom,916.0,3.2968193297271733,True
558776,48187,DOORMAT NEW ENGLAND,200,2011-07-04 10:20:00,4.58,18102.0,United Kingdom,916.0,3.2968193297271733,True
558776,21523,DOORMAT FANCY FONT HOME SWEET HOME,200,2011-07-04 10:20:00,4.58,18102.0,United Kingdom,916.0,3.2968193297271733,True
558776,20685,DOORMAT RED RETROSPOT,200,2011-07-04 10:20:00,4.58,18102.0,United Kingdom,916.0,3.2968193297271733,True
558777,22501,PICNIC BASKET WICKER LARGE,125,2011-07-04 10:23:00,20.79,,United Kingdom,2598.75,9.490377840960921,True
558871,84997D,CHILDRENS CUTLERY POLKADOT PINK,360,2011-07-04 13:19:00,3.75,12557.0,Spain,1350.0,4.89420717336137,True
558871,84997C,CHILDRENS CUTLERY POLKADOT BLUE,360,2011-07-04 13:19:00,3.75,12557.0,Spain,1350.0,4.89420717336137,True
558917,84078A,SET/4 WHITE RETRO STORAGE CUBES ,24,2011-07-05 09:34:00,34.95,12980.0,United Kingdom,838.8000000000001,3.0126756856521504,True
559047,15036,ASSORTED COLOURS SILK FAN,1200,2011-07-05 15:44:00,0.72,13082.0,United Kingdom,864.0,3.1054272378631684,True
559701,85123A,WHITE HANGING HEART T-LIGHT HOLDER,512,2011-07-12 09:10:00,2.55,16013.0,United Kingdom,1305.6,4.73078777184672,True
559941,22423,REGENCY CAKESTAND 3 TIER,112,2011-07-14 10:20:00,10.95,17396.0,United Kingdom,1226.3999999999999,4.439282893469235,True
560373,M,Manual,1,2011-07-18 12:30:00,4287.63,,United Kingdom,4287.63,15.706498535331713,True
560421,M,Manual,1,2011-07-18 15:13:00,1592.49,,United Kingdom,1592.49,5.786720026363344,True
560567,47566,PARTY BUNTING,88,2011-07-19 13:57:00,10.79,,United Kingdom,949.52,3.4201936166364324,True
560734,71477,COLOUR GLASS. STAR T-LIGHT HOLDER,360,2011-07-20 14:58:00,2.75,15298.0,United Kingdom,990.0,3.569184998918258,True
560887,23300,GARDENERS KNEELING PAD CUP OF TEA ,720,2011-07-21 16:28:00,1.45,16041.0,United Kingdom,1044.0,3.767938325084725,True
561397,79321,CHILLI LIGHTS,480,2011-07-27 10:41:00,4.65,16532.0,United Kingdom,2232.0,8.140511500747,True
561633,22423,REGENCY CAKESTAND 3 TIER,192,2011-07-28 14:33:00,10.95,17949.0,United Kingdom,2102.3999999999996,7.663503517947477,True
561633,23174,REGENCY SUGAR BOWL GREEN,384,2011-07-28 14:33:00,3.75,17949.0,United Kingdom,1440.0,5.225462716972149,True
561633,23175,REGENCY MILK JUG PINK ,384,2011-07-28 14:33:00,2.75,17949.0,United Kingdom,1056.0,3.812105730899495,True
561633,23173,REGENCY TEAPOT ROSES ,384,2011-07-28 14:33:00,8.15,17949.0,United Kingdom,3129.6000000000004,11.44423345569183,True
561655,23134,LARGE ZINC HEART WALL ORGANISER,256,2011-07-28 16:00:00,5.88,18102.0,United Kingdom,1505.28,5.4657334046045,True
561655,82484,WOOD BLACK BOARD ANT WHITE FINISH,204,2011-07-28 16:00:00,4.8,18102.0,United Kingdom,979.1999999999999,3.5294343336849643,True
561655,22171,3 HOOK PHOTO SHELF ANTIQUE WHITE,204,2011-07-28 16:00:00,5.88,18102.0,United Kingdom,1199.52,4.340347904444149,True
561655,23135,SMALL ZINC HEART WALL ORGANISER,300,2011-07-28 16:00:00,3.32,18102.0,United Kingdom,996.0,3.5912687018256433,True
561659,21733,RED HANGING HEART T-LIGHT HOLDER,352,2011-07-28 16:11:00,3.24,17450.0,United Kingdom,1140.48,4.123044267835479,True
561659,85123A,WHITE HANGING HEART T-LIGHT HOLDER,480,2011-07-28 16:11:00,3.24,17450.0,United Kingdom,1555.2,5.649469812793946,True
561901,22667,RECIPE BOX RETROSPOT ,408,2011-07-31 15:42:00,2.55,14156.0,EIRE,1040.3999999999999,3.7546881033402935,True
561901,20914,SET/5 RED RETROSPOT LID GLASS BOWLS,320,2011-07-31 15:42:00,2.95,14156.0,EIRE,944.0,3.399876609961638,True
561901,21843,RED RETROSPOT CAKE STAND,216,2011-07-31 15:42:00,10.95,14156.0,EIRE,2365.2,8.63076970529095,True
561901,22666,RECIPE BOX PANTRY YELLOW DESIGN,408,2011-07-31 15:42:00,2.95,14156.0,EIRE,1203.6000000000001,4.355364822421172,True
561901,22960,JAM MAKING SET WITH JARS,204,2011-07-31 15:42:00,4.25,14156.0,EIRE,867.0,3.116469089316861,True
561901,23131,MISELTOE HEART WREATH CREAM,240,2011-07-31 15:42:00,4.15,14156.0,EIRE,996.0000000000001,3.5912687018256437,True
562040,62018,SOMBRERO ,1000,2011-08-02 10:00:00,1.25,17553.0,United Kingdom,1250.0,4.526145458238283,True
562439,22191,IVORY DINER WALL CLOCK,348,2011-08-04 18:06:00,7.65,12931.0,United Kingdom,2662.2000000000003,9.72391299920652,True
562439,23215,JINGLE BELL HEART ANTIQUE SILVER,576,2011-08-04 18:06:00,1.79,12931.0,United Kingdom,1031.04,3.7202375268047727,True
562439,21430,SET/3 RED GINGHAM ROSE STORAGE BOX,360,2011-08-04 18:06:00,3.39,12931.0,United Kingdom,1220.4,4.41719919056185,True
562439,22197,POPCORN HOLDER,1900,2011-08-04 18:06:00,0.72,12931.0,United Kingdom,1368.0,4.960458282083526,True
562439,84879,ASSORTED COLOUR BIRD ORNAMENT,2880,2011-08-04 18:06:00,1.45,12931.0,United Kingdom,4176.0,15.29563124273981,True
562789,23240,SET OF 4 KNICK KNACK TINS DOILEY ,240,2011-08-09 13:50:00,3.75,14646.0,Netherlands,900.0,3.2379294553074796,True
562946,M,Manual,1,2011-08-11 09:38:00,2500.0,15581.0,United Kingdom,2500.0,9.126916897276873,True
562955,DOT,DOTCOM POSTAGE,1,2011-08-11 10:14:00,4505.17,,United Kingdom,4505.17,16.507179990410478,True
563074,84879,ASSORTED COLOUR BIRD ORNAMENT,968,2011-08-11 15:58:00,1.45,12931.0,United Kingdom,1403.6,5.091488252667345,True
A563185,B,Adjust bad debt,1,2011-08-12 14:50:00,11062.06,,United Kingdom,11062.06,40.640581783144654,True
563549,DOT,DOTCOM POSTAGE,1,2011-08-17 12:34:00,1154.67,,United Kingdom,1154.67,4.175272225211445,True
563563,20969,RED FLORAL FELTCRAFT SHOULDER BAG,288,2011-08-17 14:03:00,3.39,16029.0,United Kingdom,976.32,3.5188341562894196,True
563563,22569,FELTCRAFT CUSHION BUTTERFLY,240,2011-08-17 14:03:00,3.75,16029.0,United Kingdom,900.0,3.2379294553074796,True
563563,22273,FELTCRAFT DOLL MOLLY,480,2011-08-17 14:03:00,2.55,16029.0,United Kingdom,1224.0,4.430449412306281,True
563575,21871,SAVE THE PLANET MUG,824,2011-08-17 15:05:00,1.06,17949.0,United Kingdom,873.44,3.140172263770788,True
563590,22989,SET 2 PANTRY DESIGN TEA TOWELS,360,2011-08-17 20:02:00,3.28,17450.0,United Kingdom,1180.8,4.271446751373107,True
563590,22728,ALARM CLOCK BAKELIKE PINK,222,2011-08-17 20:02:00,4.08,17450.0,United Kingdom,905.76,3.2591298100985693,True
563590,22730,ALARM CLOCK BAKELIKE IVORY,250,2011-08-17 20:02:00,4.08,17450.0,United Kingdom,1020.0,3.679603513455184,True
563590,22969,HOMEMADE JAM SCENTED CANDLES,696,2011-08-17 20:02:00,1.7,17450.0,United Kingdom,1183.2,4.280280232536062,True
563590,22960,JAM MAKING SET WITH JARS,230,2011-08-17 20:02:00,4.6,17450.0,United Kingdom,1058.0,3.819466965201957,True
563590,22722,SET OF 6 SPICE TINS PANTRY DESIGN,210,2011-08-17 20:02:00,4.25,17450.0,United Kingdom,892.5,3.210324826673248,True
563590,23243,SET OF TEA COFFEE SUGAR TINS PANTRY,352,2011-08-17 20:02:00,5.15,17450.0,United Kingdom,1812.8000000000002,6.597596790951018,True
563614,22940,FELTCRAFT CHRISTMAS FAIRY,336,2011-08-18 08:51:00,3.75,12415.0,Australia,1260.0,4.562951629750592,True
563614,23314,VINTAGE CHRISTMAS TABLECLOTH,100,2011-08-18 08:51:00,10.39,12415.0,Australia,1039.0,3.7495352393285706,True
563684,85106,CUT GLASS HEXAGON T-LIGHT HOLDER,504,2011-08-18 12:23:00,1.69,17386.0,United Kingdom,851.76,3.060376483932102,True
564046,85123A,WHITE HANGING HEART T-LIGHT HOLDER,400,2011-08-22 12:59:00,2.55,16013.0,United Kingdom,1019.9999999999999,3.6796035134551834,True
564054,22727,ALARM CLOCK BAKELIKE RED ,400,2011-08-22 13:55:00,3.39,17857.0,United Kingdom,1356.0,4.916290876268756,True
564054,22728,ALARM CLOCK BAKELIKE PINK,400,2011-08-22 13:55:00,3.39,17857.0,United Kingdom,1356.0,4.916290876268756,True
564221,DOT,DOTCOM POSTAGE,1,2011-08-24 09:36:00,1325.0,,United Kingdom,1325.0,4.802191744580599,True
564230,47566,PARTY BUNTING,81,2011-08-24 10:22:00,10.79,,United Kingdom,873.9899999999999,3.1421966032039643,True
564312,22835,HOT WATER BOTTLE I AM SO POORLY,312,2011-08-24 12:52:00,4.25,15769.0,United Kingdom,1326.0,4.80587236173183,True
564652,23084,RABBIT NIGHT LIGHT,480,2011-08-26 14:20:00,2.08,14646.0,Netherlands,998.4000000000001,3.6001021829885977,True
564857,DOT,DOTCOM POSTAGE,1,2011-08-31 09:23:00,877.04,,United Kingdom,877.04,3.1534224855152186,True
565228,21915,RED  HARMONICA IN BOX ,840,2011-09-02 09:09:00,1.06,16333.0,United Kingdom,890.4000000000001,3.2025955306556635,True
565291,82484,WOOD BLACK BOARD ANT WHITE FINISH,300,2011-09-02 11:53:00,4.8,18102.0,United Kingdom,1440.0,5.225462716972149,True
565291,23135,SMALL ZINC HEART WALL ORGANISER,408,2011-09-02 11:53:00,3.32,18102.0,United Kingdom,1354.56,4.9109907875709835,True
565377,M,Manual,1,2011-09-02 15:12:00,852.8,18087.0,United Kingdom,852.8,3.0642043257693823,True
565580,22865,HAND WARMER OWL DESIGN,480,2011-09-05 12:36:00,1.85,13851.0,United Kingdom,888.0,3.193762049492709,True
565847,DOT,DOTCOM POSTAGE,1,2011-09-07 12:44:00,1569.04,,United Kingdom,1569.04,5.70040955416698,True
566927,M,Manual,1,2011-09-15 15:20:00,2033.1,17846.0,United Kingdom,2033.1,7.408436749367178,True
566931,22689,DOORMAT MERRY CHRISTMAS RED ,200,2011-09-15 15:27:00,4.58,18102.0,United Kingdom,916.0,3.2968193297271733,True
566931,22688,DOORMAT PEACE ON EARTH BLUE,600,2011-09-15 15:27:00,4.58,18102.0,United Kingdom,2748.0,10.039709950782129,True
566931,22687,DOORMAT CHRISTMAS VILLAGE,450,2011-09-15 15:27:00,4.58,18102.0,United Kingdom,2061.0,7.511125967886519,True
566934,48194,DOORMAT HEARTS,500,2011-09-15 15:34:00,4.58,18102.0,United Kingdom,2290.0,8.35398729551839,True
566934,48187,DOORMAT NEW ENGLAND,500,2011-09-15 15:34:00,4.58,18102.0,United Kingdom,2290.0,8.35398729551839,True
566934,48185,DOORMAT FAIRY CAKE,500,2011-09-15 15:34:00,4.58,18102.0,United Kingdom,2290.0,8.35398729551839,True
566934,48184,DOORMAT ENGLISH ROSE ,350,2011-09-15 15:34:00,4.58,18102.0,United Kingdom,1603.0,5.825403312622781,True
566934,48138,DOORMAT UNION FLAG,500,2011-09-15 15:34:00,4.58,18102.0,United Kingdom,2290.0,8.35398729551839,True
566934,48129,DOORMAT TOPIARY,300,2011-09-15 15:34:00,4.58,18102.0,United Kingdom,1374.0,4.982541984990911,True
566935,48116,DOORMAT MULTICOLOUR STRIPE,400,2011-09-15 15:35:00,4.58,18102.0,United Kingdom,1832.0,6.66826464025465,True
566935,48111,DOORMAT 3 SMILEY CATS,500,2011-09-15 15:35:00,4.58,18102.0,United Kingdom,2290.0,8.35398729551839,True
566935,22692,DOORMAT WELCOME TO OUR HOME,300,2011-09-15 15:35:00,4.58,18102.0,United Kingdom,1374.0,4.982541984990911,True
566935,22690,DOORMAT HOME SWEET HOME BLUE ,200,2011-09-15 15:35:00,4.58,18102.0,United Kingdom,916.0,3.2968193297271733,True
566936,22365,DOORMAT RESPECTABLE HOUSE,200,2011-09-15 15:35:00,4.58,18102.0,United Kingdom,916.0,3.2968193297271733,True
566936,21523,DOORMAT FANCY FONT HOME SWEET HOME,200,2011-09-15 15:35:00,4.58,18102.0,United Kingdom,916.0,3.2968193297271733,True
567309,21787,RAIN PONCHO RETROSPOT,1788,2011-09-19 13:39:00,0.85,12901.0,United Kingdom,1519.8,5.519175965640373,True
567353,M,Manual,1,2011-09-19 16:14:00,2653.95,,Hong Kong,2653.95,9.693547907708863,True
567377,23113,PANTRY CHOPPING BOARD,186,2011-09-20 09:55:00,5.15,17450.0,United Kingdom,957.9000000000001,3.451037188363747,True
567381,21876,POTTERING MUG,624,2011-09-20 10:12:00,1.48,17450.0,United Kingdom,923.52,3.3244975707044295,True
567381,21873,IF YOU CAN'T STAND THE HEAT MUG,624,2011-09-20 10:12:00,1.48,17450.0,United Kingdom,923.52,3.3244975707044295,True
567381,21874,GIN AND TONIC MUG,744,2011-09-20 10:12:00,1.48,17450.0,United Kingdom,1101.12,3.9781751767630316,True
567381,21877,HOME SWEET HOME MUG,624,2011-09-20 10:12:00,1.48,17450.0,United Kingdom,923.52,3.3244975707044295,True
567381,23108,SET OF 10 LED DOLLY LIGHTS,416,2011-09-20 10:12:00,6.5,17450.0,United Kingdom,2704.0,9.87776279612797,True
567381,22766,PHOTO FRAME CORNICE,416,2011-09-20 10:12:00,3.2,17450.0,United Kingdom,1331.2,4.825011570918231,True
567381,21485,RETROSPOT HEART HOT WATER BOTTLE,496,2011-09-20 10:12:00,5.1,17450.0,United Kingdom,2529.6,9.235863164953306,True
567381,22508,DOORSTOP RETROSPOT HEART,744,2011-09-20 10:12:00,4.08,17450.0,United Kingdom,3035.52,11.097960994104028,True
567381,22111,SCOTTIE DOG HOT WATER BOTTLE,496,2011-09-20 10:12:00,5.1,17450.0,United Kingdom,2529.6,9.235863164953306,True
567381,22138,BAKING SET 9 PIECE RETROSPOT ,416,2011-09-20 10:12:00,5.1,17450.0,United Kingdom,2121.6,7.73417136725111,True
567381,22507,MEMO BOARD RETROSPOT  DESIGN,416,2011-09-20 10:12:00,5.1,17450.0,United Kingdom,2121.6,7.73417136725111,True
567381,22637,PIGGY BANK RETROSPOT ,744,2011-09-20 10:12:00,2.5,17450.0,United Kingdom,1860.0,6.771321920489115,True
567384,22469,HEART OF WICKER SMALL,456,2011-09-20 10:23:00,1.93,17450.0,United Kingdom,880.0799999999999,3.1646115616549606,True
567384,22470,HEART OF WICKER LARGE,396,2011-09-20 10:23:00,3.2,17450.0,United Kingdom,1267.2,4.589452073239455,True
567423,23286,BLUE VINTAGE SPOT BEAKER,1878,2011-09-20 11:05:00,1.08,17450.0,United Kingdom,2028.2400000000002,7.390548950012197,True
567423,23288,GREEN VINTAGE SPOT BEAKER,1944,2011-09-20 11:05:00,1.08,17450.0,United Kingdom,2099.52,7.6529033405519336,True
567423,23285,PINK VINTAGE SPOT BEAKER,1944,2011-09-20 11:05:00,1.08,17450.0,United Kingdom,2099.52,7.6529033405519336,True
567423,23113,PANTRY CHOPPING BOARD,756,2011-09-20 11:05:00,5.06,17450.0,United Kingdom,3825.3599999999997,14.005059644832217,True
567423,22979,PANTRY WASHING UP BRUSH,666,2011-09-20 11:05:00,1.7,17450.0,United Kingdom,1132.2,4.092568757823288,True
567423,22978,PANTRY ROLLING PIN,708,2011-09-20 11:05:00,4.18,17450.0,United Kingdom,2959.4399999999996,10.817939641238382,True
567423,22969,HOMEMADE JAM SCENTED CANDLES,1428,2011-09-20 11:05:00,1.7,17450.0,United Kingdom,2427.6,8.860440215527756,True
567423,22722,SET OF 6 SPICE TINS PANTRY DESIGN,852,2011-09-20 11:05:00,4.25,17450.0,United Kingdom,3621.0,13.252888723806677,True
567423,22720,SET OF 3 CAKE TINS PANTRY DESIGN ,612,2011-09-20 11:05:00,5.18,17450.0,United Kingdom,3170.16,11.593519287345751,True
567423,23243,SET OF TEA COFFEE SUGAR TINS PANTRY,1412,2011-09-20 11:05:00,5.06,17450.0,United Kingdom,7144.719999999999,26.222352991941918,True
567453,22114,HOT WATER BOTTLE TEA AND SYMPATHY,288,2011-09-20 12:05:00,5.1,17450.0,United Kingdom,1468.8,5.331464490927598,True
567458,82583,HOT BATHS METAL SIGN,528,2011-09-20 12:21:00,2.39,17450.0,United Kingdom,1261.92,4.570018414680956,True
567458,82600,NO SINGING METAL SIGN,384,2011-09-20 12:21:00,2.41,17450.0,United Kingdom,925.44,3.331564355634793,True
567480,22117,METAL SIGN HER DINNER IS SERVED ,500,2011-09-20 13:38:00,3.2,17450.0,United Kingdom,1600.0,5.814361461169089,True
567480,22666,RECIPE BOX PANTRY YELLOW DESIGN,500,2011-09-20 13:38:00,3.2,17450.0,United Kingdom,1600.0,5.814361461169089,True
567507,DOT,DOTCOM POSTAGE,1,2011-09-20 14:46:00,1092.21,,United Kingdom,1092.21,3.945380877945565,True
567656,DOT,DOTCOM POSTAGE,1,2011-09-21 14:40:00,878.55,14096.0,United Kingdom,878.55,3.158980217413577,True
567803,22768,FAMILY PHOTO FRAME CORNICE,128,2011-09-22 12:11:00,6.72,18102.0,United Kingdom,860.16,3.0912936680024417,True
567803,22767,TRIPLE PHOTO FRAME CORNICE ,128,2011-09-22 12:11:00,6.72,18102.0,United Kingdom,860.16,3.0912936680024417,True
568411,DOT,DOTCOM POSTAGE,1,2011-09-27 10:52:00,837.46,,United Kingdom,837.46,3.007743658669501,True
568717,23284,DOORMAT KEEP CALM AND COME IN,500,2011-09-28 16:17:00,4.58,18102.0,United Kingdom,2290.0,8.35398729551839,True
569084,22941,CHRISTMAS LIGHTS 10 REINDEER,384,2011-09-30 11:56:00,6.5,17949.0,United Kingdom,2496.0,9.112194428671948,True
569085,21098,CHRISTMAS TOILET ROLL,1200,2011-09-30 11:57:00,1.06,17949.0,United Kingdom,1272.0,4.607119035565363,True
569342,22178,VICTORIAN GLASS HANGING T-LIGHT,960,2011-10-03 14:20:00,0.9,16013.0,United Kingdom,864.0,3.1054272378631684,True
569343,23543,KEEP CALM WALL ART ,180,2011-10-03 14:34:00,7.45,18102.0,United Kingdom,1341.0,4.861081619000293,True
569343,23541,WALL ART CLASSIC PUDDINGS ,120,2011-10-03 14:34:00,7.45,18102.0,United Kingdom,894.0,3.2158457524000945,True
569382,M,Manual,1,2011-10-03 16:44:00,3155.95,15502.0,United Kingdom,3155.95,11.541217717626761,True
569385,23284,DOORMAT KEEP CALM AND COME IN,200,2011-10-03 16:48:00,7.08,14031.0,United Kingdom,1416.0,5.137127905342608,True
569388,23284,DOORMAT KEEP CALM AND COME IN,200,2011-10-03 16:50:00,7.08,14031.0,United Kingdom,1416.0,5.137127905342608,True
569492,22086,PAPER CHAIN KIT 50'S CHRISTMAS ,612,2011-10-04 13:30:00,2.55,16333.0,United Kingdom,1560.6,5.669345145410592,True
569492,21915,RED  HARMONICA IN BOX ,1540,2011-10-04 13:30:00,1.06,16333.0,United Kingdom,1632.4,5.933613456868969,True
569570,23284,DOORMAT KEEP CALM AND COME IN,150,2011-10-05 10:06:00,7.08,16684.0,United Kingdom,1062.0,3.83418943380688,True
569570,23355,HOT WATER BOTTLE KEEP CALM,240,2011-10-05 10:06:00,4.15,16684.0,United Kingdom,996.0000000000001,3.5912687018256437,True
569570,15056BL,EDWARDIAN PARASOL BLACK,180,2011-10-05 10:06:00,4.95,16684.0,United Kingdom,891.0,3.2048039009464016,True
569570,23245,SET OF 3 REGENCY CAKE TINS,240,2011-10-05 10:06:00,4.15,16684.0,United Kingdom,996.0000000000001,3.5912687018256437,True
569570,22423,REGENCY CAKESTAND 3 TIER,120,2011-10-05 10:06:00,10.95,16684.0,United Kingdom,1314.0,4.761704955917059,True
569640,22423,REGENCY CAKESTAND 3 TIER,80,2011-10-05 12:25:00,10.95,12471.0,Germany,876.0,3.1495946436779385,True
569650,23526,DOG LICENCE WALL ART,180,2011-10-05 12:44:00,5.35,12415.0,Australia,962.9999999999999,3.469808335835024,True
569650,23534,STOP FOR TEA WALL ART,180,2011-10-05 12:44:00,5.35,12415.0,Australia,962.9999999999999,3.469808335835024,True
569650,23535,BICYCLE SAFTEY WALL ART,180,2011-10-05 12:44:00,5.35,12415.0,Australia,962.9999999999999,3.469808335835024,True
569650,23536,VILLAGE SHOW WALL ART,180,2011-10-05 12:44:00,5.35,12415.0,Australia,962.9999999999999,3.469808335835024,True
569815,22759,SET OF 3 NOTEBOOKS IN PARCEL,672,2011-10-06 11:53:00,1.45,15838.0,United Kingdom,974.4,3.5117673713590563,True
569815,22386,JUMBO BAG PINK POLKADOT,700,2011-10-06 11:53:00,1.79,15838.0,United Kingdom,1253.0,4.537187309691976,True
569815,22379,RECYCLING BAG RETROSPOT ,700,2011-10-06 11:53:00,1.85,15838.0,United Kingdom,1295.0,4.6917732300436725,True
569815,22381,TOY TIDY PINK POLKADOT,500,2011-10-06 11:53:00,1.85,15838.0,United Kingdom,925.0,3.3299448840882513,True
569815,85099B,JUMBO BAG RED RETROSPOT,1000,2011-10-06 11:53:00,1.79,15838.0,United Kingdom,1790.0,6.513678719902954,True
569815,85099F,JUMBO BAG STRAWBERRY,600,2011-10-06 11:53:00,1.79,15838.0,United Kingdom,1074.0,3.8783568396216506,True
570094,20971,PINK BLUE FELT CRAFT TRINKET BOX,1296,2011-10-07 11:56:00,1.06,16029.0,United Kingdom,1373.76,4.9816586368746165,True
570094,22273,FELTCRAFT DOLL MOLLY,720,2011-10-07 11:56:00,2.55,16029.0,United Kingdom,1835.9999999999998,6.682987108859573,True
570097,22149,FELTCRAFT 6 FLOWER FRIENDS,600,2011-10-07 12:05:00,1.85,16029.0,United Kingdom,1110.0,4.010859057065962,True
570097,22147,FELTCRAFT BUTTERFLY HEARTS,840,2011-10-07 12:05:00,1.25,16029.0,United Kingdom,1050.0,3.7900220279921095,True
570097,20971,PINK BLUE FELT CRAFT TRINKET BOX,1296,2011-10-07 12:05:00,1.06,16029.0,United Kingdom,1373.76,4.9816586368746165,True
570097,22273,FELTCRAFT DOLL MOLLY,720,2011-10-07 12:05:00,2.3,16029.0,United Kingdom,1655.9999999999998,6.020476021638016,True
570253,23046,PAPER LANTERN 9 POINT DELUXE STAR,240,2011-10-10 09:18:00,5.75,14156.0,EIRE,1380.0,5.004625687898296,True
570258,DOT,DOTCOM POSTAGE,1,2011-10-10 09:56:00,930.04,,United Kingdom,930.04,3.3484951945304546,True
570557,22149,FELTCRAFT 6 FLOWER FRIENDS,600,2011-10-11 11:15:00,1.85,16029.0,United Kingdom,1110.0,4.010859057065962,True
570557,20971,PINK BLUE FELT CRAFT TRINKET BOX,1296,2011-10-11 11:15:00,1.06,16029.0,United Kingdom,1373.76,4.9816586368746165,True
570557,22147,FELTCRAFT BUTTERFLY HEARTS,840,2011-10-11 11:15:00,1.25,16029.0,United Kingdom,1050.0,3.7900220279921095,True
570557,22273,FELTCRAFT DOLL MOLLY,720,2011-10-11 11:15:00,2.55,16029.0,United Kingdom,1835.9999999999998,6.682987108859573,True
571061,DOT,DOTCOM POSTAGE,1,2011-10-13 14:33:00,852.25,,United Kingdom,852.25,3.0621799863362056,True
571751,M,Manual,1,2011-10-19 11:18:00,3949.32,12744.0,Singapore,3949.32,14.461308946898798,True
571751,M,Manual,1,2011-10-19 11:18:00,2118.74,12744.0,Singapore,2118.74,7.7236448021985895,True
571797,DOT,DOTCOM POSTAGE,1,2011-10-19 11:41:00,868.21,,United Kingdom,868.21,3.1209226360698503,True
572052,22595,GINGHAM HEART DECORATION,1728,2011-10-20 12:26:00,0.72,14646.0,Netherlands,1244.1599999999999,4.504650654075095,True
572209,23556,LANDMARK FRAME COVENT GARDEN ,300,2011-10-21 12:08:00,10.95,18102.0,United Kingdom,3285.0,12.016201360993104,True
572209,23554,LANDMARK FRAME OXFORD STREET,300,2011-10-21 12:08:00,10.95,18102.0,United Kingdom,3285.0,12.016201360993104,True
572209,23555,LANDMARK FRAME NOTTING HILL ,300,2011-10-21 12:08:00,10.95,18102.0,United Kingdom,3285.0,12.016201360993104,True
572209,23558,LANDMARK FRAME LONDON BRIDGE ,300,2011-10-21 12:08:00,10.95,18102.0,United Kingdom,3285.0,12.016201360993104,True
572209,23485,BOTANICAL GARDENS WALL CLOCK ,120,2011-10-21 12:08:00,20.8,18102.0,United Kingdom,2496.0,9.112194428671948,True
572209,23553,LANDMARK FRAME CAMDEN TOWN ,300,2011-10-21 12:08:00,10.95,18102.0,United Kingdom,3285.0,12.016201360993104,True
572209,23557,LANDMARK FRAME BAKER STREET ,300,2011-10-21 12:08:00,10.95,18102.0,United Kingdom,3285.0,12.016201360993104,True
572324,23056,FLOWERS CHANDELIER T-LIGHT HOLDER,240,2011-10-24 09:52:00,5.39,14607.0,United Kingdom,1293.6,4.686620366031949,True
572325,84347,ROTATING SILVER ANGELS T-LIGHT HLDR,600,2011-10-24 09:54:00,1.74,14607.0,United Kingdom,1044.0,3.767938325084725,True
572545,21181,PLEASE ONE PERSON METAL SIGN,456,2011-10-24 16:48:00,2.39,17450.0,United Kingdom,1089.8400000000001,3.936657815297148,True
572696,22727,ALARM CLOCK BAKELIKE RED ,400,2011-10-25 14:23:00,3.39,17857.0,United Kingdom,1356.0,4.916290876268756,True
572696,22728,ALARM CLOCK BAKELIKE PINK,400,2011-10-25 14:23:00,3.39,17857.0,United Kingdom,1356.0,4.916290876268756,True
572765,71477,COLOUR GLASS. STAR T-LIGHT HOLDER,384,2011-10-26 10:02:00,2.75,16013.0,United Kingdom,1056.0,3.812105730899495,True
572765,79321,CHILLI LIGHTS,192,2011-10-26 10:02:00,4.95,16013.0,United Kingdom,950.4000000000001,3.4234325597295157,True
572845,22178,VICTORIAN GLASS HANGING T-LIGHT,960,2011-10-26 12:11:00,0.9,16013.0,United Kingdom,864.0,3.1054272378631684,True
572869,23084,RABBIT NIGHT LIGHT,960,2011-10-26 13:21:00,1.79,12798.0,Japan,1718.4,6.250146531874823,True
572897,DOT,DOTCOM POSTAGE,1,2011-10-26 14:42:00,1016.58,,United Kingdom,1016.58,3.6670158027979745,True
573003,23084,RABBIT NIGHT LIGHT,2400,2011-10-27 12:11:00,2.08,14646.0,Netherlands,4992.0,18.2990148381442,True
573008,84077,WORLD WAR 2 GLIDERS ASSTD DESIGNS,4800,2011-10-27 12:26:00,0.21,12901.0,United Kingdom,1008.0,3.6354361076404134,True
573077,M,Manual,1,2011-10-27 14:13:00,4161.06,12536.0,France,4161.06,15.240642822500423,True
573080,M,Manual,1,2011-10-27 14:20:00,4161.06,12536.0,France,4161.06,15.240642822500423,True
573153,23084,RABBIT NIGHT LIGHT,912,2011-10-28 07:39:00,1.79,12678.0,France,1632.48,5.933907906241067,True
573261,22197,POPCORN HOLDER,1992,2011-10-28 12:32:00,0.72,17949.0,United Kingdom,1434.24,5.204262362181059,True
573576,DOT,DOTCOM POSTAGE,1,2011-10-31 14:09:00,901.58,14096.0,United Kingdom,901.58,3.2437448304064245,True
573585,DOT,DOTCOM POSTAGE,1,2011-10-31 14:41:00,2019.05,,United Kingdom,2019.05,7.356724078392384,True
573995,16014,SMALL CHINESE STYLE SCISSOR,3000,2011-11-02 11:24:00,0.32,16308.0,United Kingdom,960.0,3.4587664843813317,True
574092,23356,LOVE HOT WATER BOTTLE,264,2011-11-03 09:28:00,4.95,16684.0,United Kingdom,1306.8,4.735204512428197,True
574271,23064,CINDERELLA CHANDELIER ,100,2011-11-03 14:32:00,10.0,14607.0,United Kingdom,1000.0,3.6059911704305665,True
574285,21733,RED HANGING HEART T-LIGHT HOLDER,416,2011-11-03 15:01:00,3.2,17450.0,United Kingdom,1331.2,4.825011570918231,True
574293,85123A,WHITE HANGING HEART T-LIGHT HOLDER,992,2011-11-03 15:32:00,3.2,17450.0,United Kingdom,3174.4,11.60912510406697,True
574293,22469,HEART OF WICKER SMALL,630,2011-11-03 15:32:00,1.93,17450.0,United Kingdom,1215.8999999999999,4.400636413381311,True
574294,22086,PAPER CHAIN KIT 50'S CHRISTMAS ,1020,2011-11-03 15:47:00,2.55,16333.0,United Kingdom,2601.0,9.49865922955119,True
574294,21891,TRADITIONAL WOODEN SKIPPING ROPE,720,2011-11-03 15:47:00,1.25,16333.0,United Kingdom,900.0,3.2379294553074796,True
574294,21915,RED  HARMONICA IN BOX ,2100,2011-11-03 15:47:00,1.06,16333.0,United Kingdom,2226.0,8.118427797839614,True
574295,85066,CREAM SWEETHEART MINI CHEST,96,2011-11-03 15:47:00,10.95,17389.0,United Kingdom,1051.1999999999998,3.794438768573586,True
574295,22666,RECIPE BOX PANTRY YELLOW DESIGN,336,2011-11-03 15:47:00,2.55,17389.0,United Kingdom,856.8,3.078926794374306,True
574324,23355,HOT WATER BOTTLE KEEP CALM,360,2011-11-04 07:46:00,4.15,16684.0,United Kingdom,1494.0000000000002,5.424216043138617,True
574856,DOT,DOTCOM POSTAGE,1,2011-11-07 12:06:00,1126.29,,United Kingdom,1126.29,4.070816310459513,True
574941,23581,JUMBO BAG PAISLEY PARK,314,2011-11-07 17:42:00,4.95,,United Kingdom,1554.3,5.646157257357837,True
574941,23570,TRADITIONAL PICK UP STICKS GAME ,384,2011-11-07 17:42:00,2.95,,United Kingdom,1132.8000000000002,4.094777128114027,True
574941,23571,TRADITIONAL NAUGHTS & CROSSES,370,2011-11-07 17:42:00,3.95,,United Kingdom,1461.5,5.304595985723613,True
574941,23355,HOT WATER BOTTLE KEEP CALM,67,2011-11-07 17:42:00,12.95,,United Kingdom,867.65,3.118861490465161,True
574941,23344,JUMBO BAG 50'S CHRISTMAS ,484,2011-11-07 17:42:00,4.95,,United Kingdom,2395.8,8.743396590118616,True
574941,23343,JUMBO BAG VINTAGE CHRISTMAS ,215,2011-11-07 17:42:00,4.95,,United Kingdom,1064.25,3.8424708223971495,True
574941,23201,JUMBO BAG ALPHABET,257,2011-11-07 17:42:00,4.95,,United Kingdom,1272.15,4.607671128138048,True
574941,23084,RABBIT NIGHT LIGHT,628,2011-11-07 17:42:00,4.95,,United Kingdom,3108.6,11.36694049551598,True
574941,23077,DOUGHNUT LIP GLOSS ,350,2011-11-07 17:42:00,2.95,,United Kingdom,1032.5,3.7256112278455698,True
574941,22910,PAPER CHAIN KIT VINTAGE CHRISTMAS,171,2011-11-07 17:42:00,6.95,,United Kingdom,1188.45,4.299603472580023,True
574941,22197,POPCORN HOLDER,1820,2011-11-07 17:42:00,1.95,,United Kingdom,3549.0,12.987884288918055,True
574941,22158,3 HEARTS HANGING DECORATION RUSTIC,163,2011-11-07 17:42:00,6.95,,United Kingdom,1132.8500000000001,4.0949611589715875,True
574941,22086,PAPER CHAIN KIT 50'S CHRISTMAS ,478,2011-11-07 17:42:00,6.95,,United Kingdom,3322.1,12.15275225730377,True
574941,21915,RED  HARMONICA IN BOX ,335,2011-11-07 17:42:00,2.95,,United Kingdom,988.2500000000001,3.562743918903604,True
574941,84347,ROTATING SILVER ANGELS T-LIGHT HLDR,236,2011-11-07 17:42:00,5.95,,United Kingdom,1404.2,5.093696622958084,True
574941,23203,JUMBO BAG VINTAGE DOILY ,375,2011-11-07 17:42:00,4.95,,United Kingdom,1856.25,6.757519606171999,True
575138,DOT,DOTCOM POSTAGE,1,2011-11-08 15:24:00,1483.21,,United Kingdom,1483.21,5.384502184076835,True
575213,21137,BLACK RECORD COVER FRAME,480,2011-11-09 10:47:00,3.39,16210.0,United Kingdom,1627.2,5.914474247682568,True
575214,22617,BAKING SET SPACEBOY DESIGN,216,2011-11-09 10:48:00,4.25,16751.0,United Kingdom,918.0,3.304180564029635,True
575335,84879,ASSORTED COLOUR BIRD ORNAMENT,1200,2011-11-09 13:56:00,1.45,12931.0,United Kingdom,1740.0,6.32964786234141,True
575582,85099B,JUMBO BAG RED RETROSPOT,1000,2011-11-10 11:55:00,1.79,16986.0,United Kingdom,1790.0,6.513678719902954,True
575607,DOT,DOTCOM POSTAGE,1,2011-11-10 12:37:00,908.16,14096.0,United Kingdom,908.16,3.2679632912615233,True
575947,DOT,DOTCOM POSTAGE,1,2011-11-13 11:50:00,1211.17,,United Kingdom,1211.17,4.383227094255989,True
576090,85123A,WHITE HANGING HEART T-LIGHT HOLDER,320,2011-11-14 08:56:00,3.2,17450.0,United Kingdom,1024.0,3.6943259820601075,True
576339,DOT,DOTCOM POSTAGE,1,2011-11-14 15:27:00,1500.36,14096.0,United Kingdom,1500.36,5.447624768220444,True
576365,23581,JUMBO BAG PAISLEY PARK,225,2011-11-14 17:55:00,4.95,,United Kingdom,1113.75,4.024661371383077,True
576365,23570,TRADITIONAL PICK UP STICKS GAME ,360,2011-11-14 17:55:00,2.95,,United Kingdom,1062.0,3.83418943380688,True
576365,23571,TRADITIONAL NAUGHTS & CROSSES,323,2011-11-14 17:55:00,3.95,,United Kingdom,1275.8500000000001,4.621289411597602,True
576365,23344,JUMBO BAG 50'S CHRISTMAS ,392,2011-11-14 17:55:00,4.95,,United Kingdom,1940.4,7.067243539448077,True
576365,23343,JUMBO BAG VINTAGE CHRISTMAS ,193,2011-11-14 17:55:00,4.95,,United Kingdom,955.35,3.441651614628108,True
576365,23313,VINTAGE CHRISTMAS BUNTING,81,2011-11-14 17:55:00,12.95,,United Kingdom,1048.95,3.7861573799833175,True
576365,23203,JUMBO BAG VINTAGE DOILY ,232,2011-11-14 17:55:00,4.95,,United Kingdom,1148.4,4.152194755673228,True
576365,23084,RABBIT NIGHT LIGHT,404,2011-11-14 17:55:00,4.95,,United Kingdom,1999.8000000000002,7.285872198231191,True
576365,22910,PAPER CHAIN KIT VINTAGE CHRISTMAS,244,2011-11-14 17:55:00,6.95,,United Kingdom,1695.8,6.1669645842570056,True
576365,22197,POPCORN HOLDER,1130,2011-11-14 17:55:00,1.95,,United Kingdom,2203.5,8.035613911936919,True
576365,22158,3 HEARTS HANGING DECORATION RUSTIC,326,2011-11-14 17:55:00,6.95,,United Kingdom,2265.7000000000003,8.264548298743481,True
576365,22130,PARTY CONE CHRISTMAS DECORATION ,654,2011-11-14 17:55:00,1.66,,United Kingdom,1085.6399999999999,3.9211992232619775,True
576365,22086,PAPER CHAIN KIT 50'S CHRISTMAS ,688,2011-11-14 17:55:00,6.95,,United Kingdom,4781.6,17.524612989525227,True
576374,84029E,RED WOOLLY HOTTIE WHITE HEART.,408,2011-11-15 08:50:00,3.39,13777.0,United Kingdom,1383.1200000000001,5.016109213410138,True
576389,M,Manual,1,2011-11-15 10:05:00,850.5,12748.0,United Kingdom,850.5,3.0557389063215514,True
576394,23084,RABBIT NIGHT LIGHT,960,2011-11-15 10:32:00,1.79,12415.0,Australia,1718.4,6.250146531874823,True
576644,DOT,DOTCOM POSTAGE,1,2011-11-16 10:01:00,1556.08,,United Kingdom,1556.08,5.652708755887028,True
577021,21479,WHITE SKULL HOT WATER BOTTLE ,300,2011-11-17 12:39:00,3.75,12931.0,United Kingdom,1125.0,4.066068314334425,True
577358,23084,RABBIT NIGHT LIGHT,279,2011-11-18 15:59:00,4.13,,United Kingdom,1152.27,4.166438744048491,True
577531,DOT,DOTCOM POSTAGE,1,2011-11-20 13:58:00,1236.75,,United Kingdom,1236.75,4.4773772809844745,True
577822,84347,ROTATING SILVER ANGELS T-LIGHT HLDR,600,2011-11-22 09:34:00,1.74,14607.0,United Kingdom,1044.0,3.767938325084725,True
577852,79321,CHILLI LIGHTS,480,2011-11-22 11:08:00,4.65,16532.0,United Kingdom,2232.0,8.140511500747,True
578149,DOT,DOTCOM POSTAGE,1,2011-11-23 11:11:00,2275.54,,United Kingdom,2275.54,8.30076557151159,True
578270,DOT,DOTCOM POSTAGE,1,2011-11-23 13:39:00,1270.06,14096.0,United Kingdom,1270.06,4.599978638291975,True
578321,84997D,CHILDRENS CUTLERY POLKADOT PINK,360,2011-11-23 16:59:00,3.75,12557.0,Spain,1350.0,4.89420717336137,True
578321,84997C,CHILDRENS CUTLERY POLKADOT BLUE,288,2011-11-23 16:59:00,3.75,12557.0,Spain,1080.0,3.9004405425290356,True
578793,21137,BLACK RECORD COVER FRAME,480,2011-11-25 12:21:00,3.39,16210.0,United Kingdom,1627.2,5.914474247682568,True
578833,DOT,DOTCOM POSTAGE,1,2011-11-25 15:23:00,2028.25,,United Kingdom,2028.25,7.390585756183708,True
579196,DOT,DOTCOM POSTAGE,1,2011-11-28 15:54:00,1526.76,14096.0,United Kingdom,1526.76,5.544793061012939,True
579251,22470,HEART OF WICKER LARGE,760,2011-11-28 16:39:00,3.2,17450.0,United Kingdom,2432.0,8.876634930993173,True
579251,22469,HEART OF WICKER SMALL,600,2011-11-28 16:39:00,1.93,17450.0,United Kingdom,1158.0,4.187528680325044,True
579284,22423,REGENCY CAKESTAND 3 TIER,80,2011-11-29 10:52:00,10.95,15061.0,United Kingdom,876.0,3.1495946436779385,True
579297,DOT,DOTCOM POSTAGE,1,2011-11-29 11:23:00,1563.0,,United Kingdom,1563.0,5.678178626573546,True
579450,84378,SET OF 3 HEART COOKIE CUTTERS,774,2011-11-29 13:59:00,1.25,12901.0,United Kingdom,967.5,3.4863711130155632,True
579471,DOT,DOTCOM POSTAGE,1,2011-11-29 15:08:00,892.5,,United Kingdom,892.5,3.210324826673248,True
579498,23084,RABBIT NIGHT LIGHT,2040,2011-11-29 15:52:00,1.79,12798.0,Japan,3651.6,13.365515608634341,True
579694,DOT,DOTCOM POSTAGE,1,2011-11-30 14:11:00,1119.63,,United Kingdom,1119.63,4.046303400232316,True
579777,DOT,DOTCOM POSTAGE,1,2011-11-30 15:13:00,888.42,,United Kingdom,888.42,3.195307908696226,True
579787,DOT,DOTCOM POSTAGE,1,2011-11-30 15:33:00,988.0,,United Kingdom,988.0,3.561823764615796,True
580115,DOT,DOTCOM POSTAGE,1,2011-12-01 16:22:00,1042.84,,United Kingdom,1042.84,3.763668809189297,True
580243,21915,RED  HARMONICA IN BOX ,1120,2011-12-02 12:19:00,1.06,16333.0,United Kingdom,1187.2,4.2950027011409855,True
580363,23582,VINTAGE DOILY JUMBO BAG RED ,1500,2011-12-02 16:32:00,1.79,13868.0,United Kingdom,2685.0,9.807831070254583,True
580367,DOT,DOTCOM POSTAGE,1,2011-12-02 16:39:00,888.06,,United Kingdom,888.06,3.1939828865217827,True
580610,DOT,DOTCOM POSTAGE,1,2011-12-05 11:48:00,2196.67,,United Kingdom,2196.67,8.010475296794013,True
580612,DOT,DOTCOM POSTAGE,1,2011-12-05 11:58:00,2114.0,,United Kingdom,2114.0,7.7061986769017565,True
580645,23177,TREASURE ISLAND BOOK BOX,490,2011-12-05 13:11:00,1.95,17857.0,United Kingdom,955.5,3.4422037072007927,True
580646,22560,TRADITIONAL MODELLING CLAY,800,2011-12-05 13:13:00,1.06,17857.0,United Kingdom,848.0,3.0465373634434743,True
580727,DOT,DOTCOM POSTAGE,1,2011-12-05 17:17:00,1599.26,14096.0,United Kingdom,1599.26,5.8116378044771775,True
580729,DOT,DOTCOM POSTAGE,1,2011-12-05 17:24:00,1172.1,,United Kingdom,1172.1,4.239425382157399,True
580730,DOT,DOTCOM POSTAGE,1,2011-12-05 17:28:00,845.23,,United Kingdom,845.23,3.0363420539345647,True
580873,23382,BOX OF 6 CHRISTMAS CAKE DECORATIONS,240,2011-12-06 12:06:00,3.75,15061.0,United Kingdom,900.0,3.2379294553074796,True
580873,22423,REGENCY CAKESTAND 3 TIER,128,2011-12-06 12:06:00,10.95,15061.0,United Kingdom,1401.6,5.0841270183648835,True
581023,DOT,DOTCOM POSTAGE,1,2011-12-07 10:35:00,1861.46,,United Kingdom,1861.46,6.776695621529912,True
581097,22476,EMPIRE UNION JACK TV DINNER TRAY,600,2011-12-07 11:41:00,1.95,13685.0,United Kingdom,1170.0,4.231696086139814,True
581105,85152,HAND OVER THE CHOCOLATE   SIGN ,620,2011-12-07 12:14:00,1.92,16000.0,United Kingdom,1190.3999999999999,4.306780676024923,True
581105,22457,NATURAL SLATE HEART CHALKBOARD ,620,2011-12-07 12:14:00,2.55,16000.0,United Kingdom,1581.0,5.744429735295702,True
581105,22727,ALARM CLOCK BAKELIKE RED ,620,2011-12-07 12:14:00,2.99,16000.0,United Kingdom,1853.8000000000002,6.748502094151484,True
581105,23497,CLASSIC CHROME BICYCLE BELL ,620,2011-12-07 12:14:00,1.38,16000.0,United Kingdom,855.5999999999999,3.0745100537928285,True
581105,23498,CLASSIC BICYCLE CLIPS ,620,2011-12-07 12:14:00,1.38,16000.0,United Kingdom,855.5999999999999,3.0745100537928285,True
581105,22961,JAM MAKING SET PRINTED,620,2011-12-07 12:14:00,1.38,16000.0,United Kingdom,855.5999999999999,3.0745100537928285,True
581105,23552,BICYCLE PUNCTURE REPAIR KIT ,620,2011-12-07 12:14:00,1.86,16000.0,United Kingdom,1153.2,4.169861717999136,True
581107,23461,SWEETHEART BIRD HOUSE,620,2011-12-07 12:15:00,3.3,16000.0,United Kingdom,2046.0,7.455916710618056,True
581110,23486,ANTIQUE HEART SHELF UNIT,150,2011-12-07 12:17:00,13.35,16000.0,United Kingdom,2002.5,7.295809864539513,True
581115,22413,METAL SIGN TAKE IT OR LEAVE IT ,1404,2011-12-07 12:20:00,2.75,15195.0,United Kingdom,3861.0,14.136236840102086,True
581175,23084,RABBIT NIGHT LIGHT,1440,2011-12-07 15:16:00,1.79,14646.0,Netherlands,2577.6,9.412532788212387,True
581217,DOT,DOTCOM POSTAGE,1,2011-12-08 09:20:00,863.8,,United Kingdom,863.8,3.104691114432922,True
581219,DOT,DOTCOM POSTAGE,1,2011-12-08 09:28:00,1008.96,,United Kingdom,1008.96,3.6389695001055955,True
581238,DOT,DOTCOM POSTAGE,1,2011-12-08 10:53:00,1683.75,,United Kingdom,1683.75,6.122613147584674,True
581375,21137,BLACK RECORD COVER FRAME,960,2011-12-08 12:36:00,3.39,16210.0,United Kingdom,3254.4,11.90357447616544,True
581439,DOT,DOTCOM POSTAGE,1,2011-12-08 16:30:00,938.59,,United Kingdom,938.59,3.379964471173479,True
581457,22189,CREAM HEART CARD HOLDER,324,2011-12-08 18:43:00,3.39,18102.0,United Kingdom,1098.3600000000001,3.9680166734256352,True
581457,23543,WALL ART KEEP CALM ,698,2011-12-08 18:43:00,4.15,18102.0,United Kingdom,2896.7000000000003,10.58701772117016,True
581457,82484,WOOD BLACK BOARD ANT WHITE FINISH,204,2011-12-08 18:43:00,4.8,18102.0,United Kingdom,979.1999999999999,3.5294343336849643,True
581457,23553,LANDMARK FRAME CAMDEN TOWN ,120,2011-12-08 18:43:00,10.95,18102.0,United Kingdom,1314.0,4.761704955917059,True
581458,22197,POPCORN HOLDER,1500,2011-12-08 18:45:00,0.72,17949.0,United Kingdom,1080.0,3.9004405425290356,True
581459,22197,POPCORN HOLDER,1200,2011-12-08 18:46:00,0.72,17949.0,United Kingdom,864.0,3.1054272378631684,True
581483,23843,"PAPER CRAFT , LITTLE BIRDIE",80995,2011-12-09 09:15:00,2.08,16446.0,United Kingdom,168469.6,619.9974732402039,True
581492,DOT,DOTCOM POSTAGE,1,2011-12-09 10:03:00,933.17,,United Kingdom,933.17,3.3600155262138074,True
581498,DOT,DOTCOM POSTAGE,1,2011-12-09 10:26:00,1714.17,,United Kingdom,1714.17,6.234577521325117,True
