Date,TotalAmount
2010-12-01,58776.79
2010-12-02,47629.42
2010-12-03,46898.63
2010-12-05,31364.63
2010-12-06,54624.15
2010-12-07,99553.85
2010-12-08,45235.36
2010-12-09,53548.19
2010-12-10,59021.02
2010-12-12,17125.65
2010-12-13,37942.37
2010-12-14,45167.56
2010-12-15,30384.37
2010-12-16,49114.14
2010-12-17,45338.13
2010-12-19,7410.47
2010-12-20,26766.23
2010-12-21,47279.89
2010-12-22,6199.97
2010-12-23,12071.91
2011-01-04,16005.73
2011-01-05,32630.27
2011-01-06,40366.45
2011-01-07,28836.59
2011-01-09,15590.68
2011-01-10,24553.07
2011-01-11,68630.54
2011-01-12,24664.58
2011-01-13,20612.79
2011-01-14,47554.58
2011-01-16,6976.39
2011-01-17,29262.72
2011-01-18,95947.73000000001
2011-01-19,25874.57
2011-01-20,21199.34
2011-01-21,32636.55
2011-01-23,10306.1
2011-01-24,25494.49
2011-01-25,28952.55
2011-01-26,19855.920000000002
2011-01-27,23624.3
2011-01-28,20064.35
2011-01-30,6542.61
2011-01-31,23628.71
2011-02-01,29013.29
2011-02-02,21162.12
2011-02-03,23467.73
2011-02-04,25135.84
2011-02-06,3439.67
2011-02-07,25922.97
2011-02-08,20935.23
2011-02-09,16682.63
2011-02-10,14853.31
2011-02-11,22853.6
2011-02-13,5645.4800000000005
2011-02-14,26668.91
2011-02-15,39841.71
2011-02-16,24863.85
2011-02-17,26357.52
2011-02-18,16184.42
2011-02-20,9437.8
2011-02-21,36311.4
2011-02-22,32454.5
2011-02-23,26859.5
2011-02-24,22800.89
2011-02-25,20595.19
2011-02-27,9382.710000000001
2011-02-28,21675.29
2011-03-01,26344.68
2011-03-02,18669.94
2011-03-03,36367.14
2011-03-04,19486.88
2011-03-06,9959.62
2011-03-07,32318.72
2011-03-08,25035.12
2011-03-09,22013.2
2011-03-10,26118.27
2011-03-11,25473.93
2011-03-13,4117.22
2011-03-14,25876.63
2011-03-15,23453.34
2011-03-16,21842.81
2011-03-17,39852.51
2011-03-18,28107.65
2011-03-20,21949.68
2011-03-21,16679.47
2011-03-22,31468.23
2011-03-23,24078.89
2011-03-24,36496.79
2011-03-25,31362.56
2011-03-27,9206.72
2011-03-28,23133.23
2011-03-29,70711.92
2011-03-30,31821.71
2011-03-31,34268.4
2011-04-01,25565.64
2011-04-03,6897.18
2011-04-04,33234.48
2011-04-05,30052.82
2011-04-06,17338.36
2011-04-07,18465.44
2011-04-08,25240.59
2011-04-10,9879.75
2011-04-11,22345.93
2011-04-12,25534.94
2011-04-13,24450.27
2011-04-14,36084.1
2011-04-15,28311.821
2011-04-17,12630.34
2011-04-18,55983.99
2011-04-19,24296.85
2011-04-20,28667.32
2011-04-21,32582.2
2011-04-26,30999.88
2011-04-27,25916.15
2011-04-28,22490.44
2011-05-01,6958.11
2011-05-03,35196.21
2011-05-04,27521.96
2011-05-05,29133.41
2011-05-06,36122.98
2011-05-08,18731.98
2011-05-09,27883.46
2011-05-10,47756.53
2011-05-11,33647.85
2011-05-12,61829.27
2011-05-13,30679.84
2011-05-15,9911.380000000001
2011-05-16,39651.28
2011-05-17,55106.99
2011-05-18,34376.26
2011-05-19,35567.71
2011-05-20,26579.95
2011-05-22,24102.0
2011-05-23,34610.64
2011-05-24,37658.39
2011-05-25,24393.9
2011-05-26,33497.03
2011-05-27,28387.93
2011-05-29,7338.94
2011-05-31,22652.61
2011-06-01,20585.19
2011-06-02,32800.49
2011-06-03,16895.1
2011-06-05,25423.760000000002
2011-06-06,17767.12
2011-06-07,37857.31
2011-06-08,43194.43
2011-06-09,46341.52
2011-06-10,62234.439999999995
2011-06-12,12441.94
2011-06-13,22434.760000000002
2011-06-14,40447.53
2011-06-15,48974.63
2011-06-16,34529.01
2011-06-17,21070.47
2011-06-19,22421.48
2011-06-20,37489.24
2011-06-21,24752.87
2011-06-22,21799.32
2011-06-23,25155.63
2011-06-24,19516.29
2011-06-26,7032.36
2011-06-27,16985.31
2011-06-28,35545.83
2011-06-29,22087.47
2011-06-30,44763.51
2011-07-01,13632.210000000001
2011-07-03,5972.7300000000005
2011-07-04,44609.03
2011-07-05,40754.68
2011-07-06,26361.28
2011-07-07,32412.43
2011-07-08,27057.35
2011-07-10,5959.54
2011-07-11,22529.66
2011-07-12,26252.85
2011-07-13,22620.61
2011-07-14,33560.26
2011-07-15,14793.83
2011-07-17,17154.26
2011-07-18,38814.88
2011-07-19,50166.76
2011-07-20,33252.33
2011-07-21,32695.77
2011-07-22,20119.97
2011-07-24,27080.46
2011-07-25,26876.39
2011-07-26,21635.561
2011-07-27,25593.74
2011-07-28,56243.32
2011-07-29,18716.54
2011-07-31,33209.68
2011-08-01,21358.64
2011-08-02,26575.55
2011-08-03,28068.2
2011-08-04,65496.79
2011-08-05,21417.13
2011-08-07,7543.86
2011-08-08,23363.01
2011-08-09,27672.24
2011-08-10,28780.05
2011-08-11,72372.89
2011-08-12,32231.35
2011-08-14,5701.87
2011-08-15,17235.95
2011-08-16,19234.53
2011-08-17,53284.76
2011-08-18,54059.1
2011-08-19,17336.07
2011-08-21,14420.27
2011-08-22,29645.54
2011-08-23,25978.59
2011-08-24,48789.72
2011-08-25,23773.43
2011-08-26,25610.29
2011-08-28,10686.56
2011-08-30,31837.77
2011-08-31,25367.22
2011-09-01,37358.62
2011-09-02,42226.28
2011-09-04,17040.74
2011-09-05,36898.35
2011-09-06,28321.06
2011-09-07,34413.53
2011-09-08,27055.88
2011-09-09,30016.33
2011-09-11,35206.92
2011-09-12,29526.29
2011-09-13,55071.3
2011-09-14,23578.78
2011-09-15,78151.97
2011-09-16,27720.27
2011-09-18,15639.55
2011-09-19,49250.87
2011-09-20,109553.9
2011-09-21,48529.72
2011-09-22,59220.41
2011-09-23,40574.4
2011-09-25,31164.781
2011-09-26,29270.841
2011-09-27,36260.91
2011-09-28,43693.08
2011-09-29,46343.35
2011-09-30,44347.06
2011-10-02,11531.56
2011-10-03,66243.94
2011-10-04,48652.54
2011-10-05,75460.77
2011-10-06,62761.92
2011-10-07,53692.5
2011-10-09,12273.1
2011-10-10,48121.66
2011-10-11,52537.31
2011-10-12,32083.11
2011-10-13,37232.47
2011-10-14,36294.58
2011-10-16,21767.94
2011-10-17,51925.61
2011-10-18,45277.92
2011-10-19,42467.72
2011-10-20,60969.14
2011-10-21,63173.39
2011-10-23,12156.57
2011-10-24,48335.52
2011-10-25,41192.55
2011-10-26,37729.47
2011-10-27,57201.78
2011-10-28,40455.26
2011-10-30,34397.95
2011-10-31,57327.45
2011-11-01,29091.9
2011-11-02,45690.08
2011-11-03,63425.47
2011-11-04,62594.590000000004
2011-11-06,42513.590000000004
2011-11-07,85705.3
2011-11-08,57557.03
2011-11-09,65879.97
2011-11-10,70868.0
2011-11-11,55107.87
2011-11-13,33878.15
2011-11-14,114237.40000000001
2011-11-15,60613.8
2011-11-16,65672.53
2011-11-17,60901.32
2011-11-18,51130.39
2011-11-20,34509.21
2011-11-21,49674.6
2011-11-22,63863.48
2011-11-23,79847.0
2011-11-24,50759.21
2011-11-25,50690.4
2011-11-27,20279.37
2011-11-28,56965.73
2011-11-29,72384.82
2011-11-30,60025.57
2011-12-01,52068.63
2011-12-02,57476.48
2011-12-04,24477.47
2011-12-05,88620.84
2011-12-06,56558.83
2011-12-07,75315.55
2011-12-08,82371.55
2011-12-09,200900.97999999998
