Date,TotalAmount,day_of_week,day_of_month,month,lag_1,lag_7,rolling_7
2010-12-09,53548.19,3,9,12,45235.36,58776.79,54868.97571428572
2010-12-10,59021.02,4,10,12,53548.19,47629.42,54122.03285714286
2010-12-12,17125.65,6,12,12,59021.02,46898.63,55749.40428571428
2010-12-13,37942.37,0,13,12,17125.65,31364.63,51496.12142857142
2010-12-14,45167.56,1,14,12,37942.37,54624.15,52435.798571428575
2010-12-15,30384.37,2,15,12,45167.56,99553.85,51084.857142857145
2010-12-16,49114.14,3,16,12,30384.37,45235.36,41203.50285714286
2010-12-17,45338.13,4,17,12,49114.14,53548.19,41757.61428571429
2010-12-19,7410.47,6,19,12,45338.13,59021.02,40584.74857142857
2010-12-20,26766.23,0,20,12,7410.47,17125.65,33211.81285714286
2010-12-21,47279.89,1,21,12,26766.23,37942.37,34589.03857142857
2010-12-22,6199.97,2,22,12,47279.89,45167.56,35922.97
2010-12-23,12071.91,3,23,12,6199.97,30384.37,30356.17142857143
2011-01-04,16005.73,1,4,1,12071.91,49114.14,27740.105714285717
2011-01-05,32630.27,2,5,1,16005.73,45338.13,23010.33285714286
2011-01-06,40366.45,3,6,1,32630.27,7410.47,21194.924285714285
2011-01-07,28836.59,4,7,1,40366.45,26766.23,25902.92142857143
2011-01-09,15590.68,6,9,1,28836.59,47279.89,26198.687142857147
2011-01-10,24553.07,0,10,1,15590.68,6199.97,21671.657142857144
2011-01-11,68630.54,1,11,1,24553.07,12071.91,24293.528571428575
2011-01-12,24664.58,2,12,1,68630.54,16005.73,32373.332857142854
2011-01-13,20612.79,3,13,1,24664.58,32630.27,33610.311428571425
2011-01-14,47554.58,4,14,1,20612.79,40366.45,31893.528571428567
2011-01-16,6976.39,6,16,1,47554.58,28836.59,32920.404285714285
2011-01-17,29262.72,0,17,1,6976.39,15590.68,29797.51857142857
2011-01-18,95947.73,1,18,1,29262.72,24553.07,31750.66714285714
2011-01-19,25874.57,2,19,1,95947.73,68630.54,41949.90428571428
2011-01-20,21199.34,3,20,1,25874.57,24664.58,35841.908571428576
2011-01-21,32636.55,4,21,1,21199.34,20612.79,35346.874285714286
2011-01-23,10306.1,6,23,1,32636.55,47554.58,37064.55428571429
2011-01-24,25494.49,0,24,1,10306.1,6976.39,31743.342857142856
2011-01-25,28952.55,1,25,1,25494.49,29262.72,34388.78571428572
2011-01-26,19855.92,2,26,1,28952.55,95947.73,34344.47571428572
2011-01-27,23624.3,3,27,1,19855.92,25874.57,23474.217142857142
2011-01-28,20064.35,4,28,1,23624.3,21199.34,23152.75
2011-01-30,6542.61,6,30,1,20064.35,32636.55,22990.608571428573
2011-01-31,23628.71,0,31,1,6542.61,10306.1,19262.902857142857
2011-02-01,29013.29,1,1,2,23628.71,25494.49,21166.132857142857
2011-02-02,21162.12,2,2,2,29013.29,28952.55,21668.81857142857
2011-02-03,23467.73,3,3,2,21162.12,19855.92,20555.899999999998
2011-02-04,25135.84,4,4,2,23467.73,23624.3,21071.872857142855
2011-02-06,3439.67,6,6,2,25135.84,20064.35,21287.807142857142
2011-02-07,25922.97,0,7,2,3439.67,6542.61,18912.852857142858
2011-02-08,20935.23,1,8,2,25922.97,23628.71,21681.475714285716
2011-02-09,16682.63,2,9,2,20935.23,29013.29,21296.692857142858
2011-02-10,14853.31,3,10,2,16682.63,21162.12,19535.170000000002
2011-02-11,22853.6,4,11,2,14853.31,23467.73,18633.911428571428
2011-02-13,5645.4800000000005,6,13,2,22853.6,25135.84,18546.178571428572
2011-02-14,26668.91,0,14,2,5645.4800000000005,3439.67,15761.841428571428
2011-02-15,39841.71,1,15,2,26668.91,25922.97,19080.304285714286
2011-02-16,24863.85,2,16,2,39841.71,20935.23,21068.695714285714
2011-02-17,26357.52,3,17,2,24863.85,16682.63,21629.92714285714
2011-02-18,16184.42,4,18,2,26357.52,14853.31,23012.054285714286
2011-02-20,9437.8,6,20,2,16184.42,22853.6,23202.212857142855
2011-02-21,36311.4,0,21,2,9437.8,5645.4800000000005,21285.670000000002
2011-02-22,32454.5,1,22,2,36311.4,26668.91,25666.515714285717
2011-02-23,26859.5,2,23,2,32454.5,39841.71,26493.028571428575
2011-02-24,22800.89,3,24,2,26859.5,24863.85,24638.42714285714
2011-02-25,20595.19,4,25,2,22800.89,26357.52,24343.71857142857
2011-02-27,9382.71,6,27,2,20595.19,16184.42,23520.528571428567
2011-02-28,21675.29,0,28,2,9382.71,9437.8,22548.855714285713
2011-03-01,26344.68,1,1,3,21675.29,36311.4,24297.06857142857
2011-03-02,18669.94,2,2,3,26344.68,32454.5,22873.251428571424
2011-03-03,36367.14,3,3,3,18669.94,26859.5,20904.028571428567
2011-03-04,19486.88,4,4,3,36367.14,22800.89,22262.262857142858
2011-03-06,9959.62,6,6,3,19486.88,20595.19,21788.83285714286
2011-03-07,32318.72,0,7,3,9959.62,9382.71,20269.465714285714
2011-03-08,25035.12,1,8,3,32318.72,21675.29,23546.038571428573
2011-03-09,22013.2,2,9,3,25035.12,26344.68,24026.014285714286
2011-03-10,26118.27,3,10,3,22013.2,18669.94,23407.231428571427
2011-03-11,25473.93,4,11,3,26118.27,36367.14,24471.278571428575
2011-03-13,4117.22,6,13,3,25473.93,19486.88,22915.105714285713
2011-03-14,25876.63,0,14,3,4117.22,9959.62,20719.44
2011-03-15,23453.34,1,15,3,25876.63,32318.72,22993.29857142857
2011-03-16,21842.81,2,16,3,23453.34,25035.12,21726.815714285713
2011-03-17,39852.51,3,17,3,21842.81,22013.2,21270.77142857143
2011-03-18,28107.65,4,18,3,39852.51,26118.27,23819.24428571429
2011-03-20,21949.68,6,20,3,28107.65,25473.93,24103.441428571434
2011-03-21,16679.47,0,21,3,21949.68,4117.22,23599.977142857144
2011-03-22,31468.23,1,22,3,16679.47,25876.63,25394.584285714285
2011-03-23,24078.89,2,23,3,31468.23,23453.34,26193.38428571429
2011-03-24,36496.79,3,24,3,24078.89,21842.81,26282.74857142857
2011-03-25,31362.56,4,25,3,36496.79,39852.51,28376.174285714285
2011-03-27,9206.72,6,27,3,31362.56,28107.65,27163.324285714287
2011-03-28,23133.23,0,28,3,9206.72,21949.68,24463.191428571427
2011-03-29,70711.92,1,29,3,23133.23,16679.47,24632.27
2011-03-30,31821.71,2,30,3,70711.92,31468.23,32351.191428571427
2011-03-31,34268.4,3,31,3,31821.71,24078.89,32401.688571428567
2011-04-01,25565.64,4,1,4,34268.4,36496.79,33857.33285714286
2011-04-03,6897.18,6,3,4,25565.64,31362.56,32295.739999999998
2011-04-04,33234.48,0,4,4,6897.18,9206.72,28800.68571428571
2011-04-05,30052.82,1,5,4,33234.48,23133.23,32233.222857142857
2011-04-06,17338.36,2,6,4,30052.82,70711.92,33221.735714285714
2011-04-07,18465.44,3,7,4,17338.36,31821.71,25596.941428571427
2011-04-08,25240.59,4,8,4,18465.44,34268.4,23688.902857142857
2011-04-10,9879.75,6,10,4,25240.59,25565.64,22399.21571428571
2011-04-11,22345.93,0,11,4,9879.75,6897.18,20158.374285714286
2011-04-12,25534.94,1,12,4,22345.93,33234.48,22365.338571428572
2011-04-13,24450.27,2,13,4,25534.94,30052.82,21265.404285714285
2011-04-14,36084.1,3,14,4,24450.27,17338.36,20465.04
2011-04-15,28311.821,4,15,4,36084.1,18465.44,23143.00285714286
2011-04-17,12630.34,6,17,4,28311.821,25240.59,24549.628714285715
2011-04-18,55983.99,0,18,4,12630.34,9879.75,22748.164428571432
2011-04-19,24296.85,1,19,4,55983.99,22345.93,29334.484428571428
2011-04-20,28667.32,2,20,4,24296.85,25534.94,29613.187285714288
2011-04-21,32582.2,3,21,4,28667.32,24450.27,30060.670142857143
2011-04-26,30999.88,1,26,4,32582.2,36084.1,31222.374428571427
2011-04-27,25916.15,2,27,4,30999.88,28311.821,30496.057285714287
2011-04-28,22490.44,3,28,4,25916.15,12630.34,30153.81857142857
2011-05-01,6958.11,6,1,5,22490.44,55983.99,31562.404285714285
2011-05-03,35196.21,1,3,5,6958.11,24296.85,24558.707142857143
2011-05-04,27521.96,2,4,5,35196.21,28667.32,26115.75857142857
2011-05-05,29133.41,3,5,5,27521.96,32582.2,25952.135714285712
2011-05-06,36122.98,4,6,5,29133.41,30999.88,25459.45142857143
2011-05-08,18731.98,6,8,5,36122.98,25916.15,26191.32285714286
2011-05-09,27883.46,0,9,5,18731.98,22490.44,25165.012857142858
2011-05-10,47756.53,1,10,5,27883.46,6958.11,25935.444285714282
2011-05-11,33647.85,2,11,5,47756.53,35196.21,31763.789999999997
2011-05-12,61829.27,3,12,5,33647.85,27521.96,31542.59571428571
2011-05-13,30679.84,4,13,5,61829.27,29133.41,36443.64
2011-05-15,9911.38,6,15,5,30679.84,36122.98,36664.55857142857
2011-05-16,39651.28,0,16,5,9911.38,18731.98,32920.044285714284
2011-05-17,55106.99,1,17,5,39651.28,27883.46,35908.51571428571
2011-05-18,34376.26,2,18,5,55106.99,47756.53,39797.59142857143
2011-05-19,35567.71,3,19,5,34376.26,33647.85,37886.124285714286
2011-05-20,26579.95,4,20,5,35567.71,61829.27,38160.39
2011-05-22,24102.0,6,22,5,26579.95,30679.84,33124.77285714285
2011-05-23,34610.64,0,23,5,24102.0,9911.38,32185.081428571426
2011-05-24,37658.39,1,24,5,34610.64,39651.28,35713.54714285715
2011-05-25,24393.9,2,25,5,37658.39,55106.99,35428.84857142857
2011-05-26,33497.03,3,26,5,24393.9,34376.26,31041.264285714286
2011-05-27,28387.93,4,27,5,33497.03,35567.71,30915.660000000003
2011-05-29,7338.94,6,29,5,28387.93,26579.95,29889.977142857144
2011-05-31,22652.61,1,31,5,7338.94,24102.0,27141.26142857143
2011-06-01,20585.19,2,1,6,22652.61,34610.64,26934.205714285716
2011-06-02,32800.49,3,2,6,20585.19,37658.39,24930.57
2011-06-03,16895.1,4,3,6,32800.49,24393.9,24236.58428571428
2011-06-05,25423.76,6,5,6,16895.1,33497.03,23165.32714285714
2011-06-06,17767.12,0,6,6,25423.76,28387.93,22012.002857142856
2011-06-07,37857.31,1,7,6,17767.12,7338.94,20494.744285714285
2011-06-08,43194.43,2,8,6,37857.31,22652.61,24854.511428571426
2011-06-09,46341.52,3,9,6,43194.43,20585.19,27789.057142857142
2011-06-10,62234.44,4,10,6,46341.52,32800.49,31468.532857142854
2011-06-12,12441.94,6,12,6,62234.44,16895.1,35673.38285714285
2011-06-13,22434.76,0,13,6,12441.94,25423.76,35037.21714285714
2011-06-14,40447.53,1,14,6,22434.76,17767.12,34610.21714285714
2011-06-15,48974.63,2,15,6,40447.53,37857.31,37850.275714285715
2011-06-16,34529.01,3,16,6,48974.63,43194.43,39438.46428571428
2011-06-17,21070.47,4,17,6,34529.01,46341.52,38200.54714285715
2011-06-19,22421.48,6,19,6,21070.47,62234.44,34590.39714285714
2011-06-20,37489.24,0,20,6,22421.48,12441.94,28902.831428571426
2011-06-21,24752.87,1,21,6,37489.24,22434.76,32481.01714285714
2011-06-22,21799.32,2,22,6,24752.87,40447.53,32812.17571428572
2011-06-23,25155.63,3,23,6,21799.32,48974.63,30148.145714285714
2011-06-24,19516.29,4,24,6,25155.63,34529.01,26745.431428571428
2011-06-26,7032.36,6,26,6,19516.29,21070.47,24600.757142857146
2011-06-27,16985.31,0,27,6,7032.36,22421.48,22595.312857142857
2011-06-28,35545.83,1,28,6,16985.31,37489.24,21818.717142857146
2011-06-29,22087.47,2,29,6,35545.83,24752.87,21541.08714285714
2011-06-30,44763.51,3,30,6,22087.47,21799.32,21160.315714285716
2011-07-01,13632.21,4,1,7,44763.51,25155.63,24440.914285714283
2011-07-03,5972.7300000000005,6,3,7,13632.21,19516.29,22794.711428571427
2011-07-04,44609.03,0,4,7,5972.7300000000005,7032.36,20859.917142857146
2011-07-05,40754.68,1,5,7,44609.03,16985.31,26228.012857142858
2011-07-06,26361.28,2,6,7,40754.68,35545.83,29623.637142857147
2011-07-07,32412.43,3,7,7,26361.28,22087.47,28311.558571428566
2011-07-08,27057.35,4,8,7,32412.43,44763.51,29786.552857142862
2011-07-10,5959.54,6,10,7,27057.35,13632.21,27257.10142857143
2011-07-11,22529.66,0,11,7,5959.54,5972.7300000000005,26161.00571428571
2011-07-12,26252.85,1,12,7,22529.66,44609.03,28526.28142857143
2011-07-13,22620.61,2,13,7,26252.85,40754.68,25903.97
2011-07-14,33560.26,3,14,7,22620.61,26361.28,23313.388571428568
2011-07-15,14793.83,4,15,7,33560.26,32412.43,24341.81428571429
2011-07-17,17154.26,6,17,7,14793.83,27057.35,21824.871428571427
2011-07-18,38814.88,0,18,7,17154.26,5959.54,20410.144285714287
2011-07-19,50166.76,1,19,7,38814.88,22529.66,25103.764285714282
2011-07-20,33252.33,2,20,7,50166.76,26252.85,29051.921428571426
2011-07-21,32695.77,3,21,7,33252.33,22620.61,30051.847142857143
2011-07-22,20119.97,4,22,7,32695.77,33560.26,31491.155714285713
2011-07-24,27080.46,6,24,7,20119.97,14793.83,29571.114285714288
2011-07-25,26876.39,0,25,7,27080.46,17154.26,31326.347142857143
2011-07-26,21635.561,1,26,7,26876.39,38814.88,32715.222857142857
2011-07-27,25593.74,2,27,7,21635.561,50166.76,30261.03442857143
2011-07-28,56243.32,3,28,7,25593.74,33252.33,26750.603000000003
2011-07-29,18716.54,4,29,7,56243.32,32695.77,30035.03014285714
2011-07-31,33209.68,6,31,7,18716.54,20119.97,28037.997285714286
2011-08-01,21358.64,0,1,8,33209.68,27080.46,29907.955857142857
2011-08-02,26575.55,1,2,8,21358.64,26876.39,29090.553000000004
2011-08-03,28068.2,2,3,8,26575.55,21635.561,29047.575857142856
2011-08-04,65496.79,3,4,8,28068.2,25593.74,29966.524285714288
2011-08-05,21417.13,4,5,8,65496.79,56243.32,35666.96
2011-08-07,7543.86,6,7,8,21417.13,18716.54,30691.79
2011-08-08,23363.01,0,8,8,7543.86,33209.68,29095.692857142858
2011-08-09,27672.24,1,9,8,23363.01,21358.64,27689.02571428571
2011-08-10,28780.05,2,10,8,27672.24,26575.55,28590.96857142857
2011-08-11,72372.89,3,11,8,28780.05,28068.2,28905.897142857142
2011-08-12,32231.35,4,12,8,72372.89,65496.79,35235.13857142857
2011-08-14,5701.87,6,14,8,32231.35,21417.13,30482.932857142856
2011-08-15,17235.95,0,15,8,5701.87,7543.86,28237.895714285718
2011-08-16,19234.53,1,16,8,17235.95,23363.01,29622.48
2011-08-17,53284.76,2,17,8,19234.53,27672.24,29032.697142857145
2011-08-18,54059.1,3,18,8,53284.76,28780.05,32691.62857142857
2011-08-19,17336.07,4,19,8,54059.1,72372.89,36302.92142857143
2011-08-21,14420.27,6,21,8,17336.07,32231.35,28440.518571428573
2011-08-22,29645.54,0,22,8,14420.27,5701.87,25896.07857142857
2011-08-23,25978.59,1,23,8,29645.54,17235.95,29316.602857142858
2011-08-24,48789.72,2,24,8,25978.59,19234.53,30565.55142857143
2011-08-25,23773.43,3,25,8,48789.72,53284.76,34787.72142857143
2011-08-26,25610.29,4,26,8,23773.43,54059.1,30571.817142857144
2011-08-28,10686.56,6,28,8,25610.29,17336.07,26507.70142857143
2011-08-30,31837.77,1,30,8,10686.56,14420.27,25557.77142857143
2011-08-31,25367.22,2,31,8,31837.77,29645.54,28045.985714285718
2011-09-01,37358.62,3,1,9,25367.22,25978.59,27434.797142857144
2011-09-02,42226.28,4,2,9,37358.62,48789.72,29060.515714285717
2011-09-04,17040.74,6,4,9,42226.28,23773.43,28122.88142857143
2011-09-05,36898.35,0,5,9,17040.74,25610.29,27161.068571428572
2011-09-06,28321.06,1,6,9,36898.35,10686.56,28773.648571428574
2011-09-07,34413.53,2,7,9,28321.06,31837.77,31292.86285714286
2011-09-08,27055.88,3,8,9,34413.53,25367.22,31660.828571428574
2011-09-09,30016.33,4,9,9,27055.88,37358.62,31902.065714285716
2011-09-11,35206.92,6,11,9,30016.33,42226.28,30853.16714285714
2011-09-12,29526.29,0,12,9,35206.92,17040.74,29850.40142857143
2011-09-13,55071.3,1,13,9,29526.29,36898.35,31634.05142857143
2011-09-14,23578.78,2,14,9,55071.3,28321.06,34230.18714285714
2011-09-15,78151.97,3,15,9,23578.78,34413.53,33552.71857142857
2011-09-16,27720.27,4,16,9,78151.97,27055.88,39801.06714285714
2011-09-18,15639.55,6,18,9,27720.27,30016.33,39895.979999999996
2011-09-19,49250.87,0,19,9,15639.55,35206.92,37842.154285714285
2011-09-20,109553.9,1,20,9,49250.87,29526.29,39848.43285714286
2011-09-21,48529.72,2,21,9,109553.9,55071.3,51280.94857142858
2011-09-22,59220.41,3,22,9,48529.72,23578.78,50346.43714285714
2011-09-23,40574.4,4,23,9,59220.41,78151.97,55438.09857142856
2011-09-25,31164.781,6,25,9,40574.4,27720.27,50069.874285714286
2011-09-26,29270.841,0,26,9,31164.781,15639.55,50561.94728571428
2011-09-27,36260.91,1,27,9,29270.841,49250.87,52509.27457142858
2011-09-28,43693.08,2,28,9,36260.91,109553.9,50653.566
2011-09-29,46343.35,3,29,9,43693.08,48529.72,41244.877428571424
2011-09-30,44347.06,4,30,9,46343.35,59220.41,40932.538857142856
2011-10-02,11531.56,6,2,10,44347.06,40574.4,38807.77457142858
2011-10-03,66243.94,0,3,10,11531.56,31164.781,34658.79742857143
2011-10-04,48652.54,1,4,10,66243.94,29270.841,39670.10585714285
2011-10-05,75460.77,2,5,10,48652.54,36260.91,42438.92
2011-10-06,62761.92,3,6,10,75460.77,43693.08,48038.90000000001
2011-10-07,53692.5,4,7,10,62761.92,46343.35,50763.020000000004
2011-10-09,12273.1,6,9,10,53692.5,44347.06,51812.89857142857
2011-10-10,48121.66,0,10,10,12273.1,11531.56,47230.904285714285
2011-10-11,52537.31,1,11,10,48121.66,66243.94,52458.06142857143
2011-10-12,32083.11,2,12,10,52537.31,48652.54,50499.971428571436
2011-10-13,37232.47,3,13,10,32083.11,75460.77,48132.909999999996
2011-10-14,36294.58,4,14,10,37232.47,62761.92,42671.724285714285
2011-10-16,21767.94,6,16,10,36294.58,53692.5,38890.67571428572
2011-10-17,51925.61,0,17,10,21767.94,12273.1,34330.02428571429
2011-10-18,45277.92,1,18,10,51925.61,48121.66,39994.66857142857
2011-10-19,42467.72,2,19,10,45277.92,52537.31,39588.42
2011-10-20,60969.14,3,20,10,42467.72,32083.11,38149.90714285714
2011-10-21,63173.39,4,21,10,60969.14,37232.47,42276.48285714286
2011-10-23,12156.57,6,23,10,63173.39,36294.58,45982.32857142857
2011-10-24,48335.52,0,24,10,12156.57,21767.94,42534.04142857143
2011-10-25,41192.55,1,25,10,48335.52,51925.61,46329.409999999996
2011-10-26,37729.47,2,26,10,41192.55,45277.92,44796.11571428571
2011-10-27,57201.78,3,27,10,37729.47,42467.72,43717.76571428571
2011-10-28,40455.26,4,28,10,57201.78,60969.14,45822.63142857143
2011-10-30,34397.95,6,30,10,40455.26,63173.39,42892.077142857146
2011-10-31,57327.45,0,31,10,34397.95,12156.57,38781.299999999996
2011-11-01,29091.9,1,1,11,57327.45,48335.52,45234.282857142854
2011-11-02,45690.08,2,2,11,29091.9,41192.55,42485.194285714286
2011-11-03,63425.47,3,3,11,45690.08,37729.47,43127.69857142858
2011-11-04,62594.59,4,4,11,63425.47,57201.78,46798.555714285714
2011-11-06,42513.59,6,6,11,62594.59,40455.26,47568.957142857136
2011-11-07,85705.3,0,7,11,42513.59,34397.95,47863.00428571428
2011-11-08,57557.03,1,8,11,85705.3,57327.45,55192.625714285714
2011-11-09,65879.97,2,9,11,57557.03,29091.9,55225.42285714286
2011-11-10,70868.0,3,10,11,65879.97,45690.08,60480.86142857142
2011-11-11,55107.87,4,11,11,70868.0,63425.47,64077.707142857136
2011-11-13,33878.15,6,13,11,55107.87,62594.59,62889.47857142857
2011-11-14,114237.4,0,14,11,33878.15,42513.59,58787.130000000005
2011-11-15,60613.8,1,15,11,114237.4,85705.3,69033.38857142857
2011-11-16,65672.53,2,16,11,60613.8,57557.03,65448.88857142858
2011-11-17,60901.32,3,17,11,65672.53,65879.97,66608.24571428572
2011-11-18,51130.39,4,18,11,60901.32,70868.0,65897.01
2011-11-20,34509.21,6,20,11,51130.39,55107.87,63077.351428571434
2011-11-21,49674.6,0,21,11,34509.21,33878.15,60134.68571428572
2011-11-22,63863.48,1,22,11,49674.6,114237.4,62391.32142857143
2011-11-23,79847.0,2,23,11,63863.48,60613.8,55195.04714285714
2011-11-24,50759.21,3,24,11,79847.0,65672.53,57942.64714285714
2011-11-25,50690.4,4,25,11,50759.21,60901.32,55812.17285714286
2011-11-27,20279.37,6,27,11,50690.4,51130.39,54353.47000000001
2011-11-28,56965.73,0,28,11,20279.37,34509.21,49946.18142857143
2011-11-29,72384.82,1,29,11,56965.73,49674.6,53154.25571428572
2011-11-30,60025.57,2,30,11,72384.82,63863.48,56398.572857142855
2011-12-01,52068.63,3,1,12,60025.57,79847.0,55850.3
2011-12-02,57476.48,4,2,12,52068.63,50759.21,51881.961428571434
2011-12-04,24477.47,6,4,12,57476.48,50690.4,52841.57142857143
2011-12-05,88620.84,0,5,12,24477.47,20279.37,49096.86714285715
2011-12-06,56558.83,1,6,12,88620.84,56965.73,58859.934285714284
2011-12-07,75315.55,2,7,12,56558.83,72384.82,58801.805714285714
2011-12-08,82371.55,3,8,12,75315.55,60025.57,59220.48142857143
2011-12-09,200900.98,4,9,12,82371.55,52068.63,62412.764285714286
