Date,Actual_Revenue,Random_Forest_Prediction,XGBoost_Prediction
2011-10-02,11531.56,20177.938660000007,25453.957
2011-10-03,66243.94,35862.28415499997,33629.7
2011-10-04,48652.54,49378.688509999985,34247.082
2011-10-05,75460.77,44634.12954499999,38650.15
2011-10-06,62761.92,48713.65789999992,50573.19
2011-10-07,53692.5,48594.167049999916,46656.254
2011-10-09,12273.1,23634.336124999998,30440.662
2011-10-10,48121.66,41579.892270000026,27009.254
2011-10-11,52537.31,44578.859189999996,42291.695
2011-10-12,32083.11,43677.13675499997,40720.207
2011-10-13,37232.47,45812.56514499999,45001.918
2011-10-14,36294.58,43897.055064999935,44018.96
2011-10-16,21767.94,18256.762654999995,22226.762
2011-10-17,51925.61,40207.90336500001,48487.02
2011-10-18,45277.92,75024.04585500008,48997.543
2011-10-19,42467.72,38653.20694999997,40515.25
2011-10-20,60969.14,42773.64655499996,39193.52
2011-10-21,63173.39,47044.34151999997,46634.098
2011-10-23,12156.57,21487.83460999999,24468.355
2011-10-24,48335.52,39961.839135000046,29710.236
2011-10-25,41192.55,41146.05188499997,37294.23
2011-10-26,37729.47,40640.93513999994,33318.043
2011-10-27,57201.78,45137.21987999992,46787.94
2011-10-28,40455.26,44256.93384999995,41610.383
2011-10-30,34397.95,19774.062940000018,28055.562
2011-10-31,57327.45,39169.20289999998,35422.465
2011-11-01,29091.9,43624.432149999935,34805.855
2011-11-02,45690.08,43138.119959999996,31337.707
2011-11-03,63425.47,48993.90940499995,51755.902
2011-11-04,62594.59,46446.034899999926,44222.875
2011-11-06,42513.59,21809.30218999998,24559.066
2011-11-07,85705.3,45842.61717499999,35662.566
2011-11-08,57557.03,45891.17677499999,46448.094
2011-11-09,65879.97,50702.147259999976,41709.62
2011-11-10,70868.0,51860.7148499999,50229.184
2011-11-11,55107.87,48210.53354999999,44204.883
2011-11-13,33878.15,18324.210929999983,19974.33
2011-11-14,114237.4,43960.84995499998,42361.85
2011-11-15,60613.8,41318.61142500003,42142.81
2011-11-16,65672.53,42166.90245000001,40607.195
2011-11-17,60901.32,44982.927149999996,43064.6
2011-11-18,51130.39,43974.176950000015,39226.08
2011-11-20,34509.21,16807.216545000003,25272.87
2011-11-21,49674.6,45544.642695000024,43923.824
2011-11-22,63863.48,42866.410735000034,49782.977
2011-11-23,79847.0,41651.68060500002,41917.27
2011-11-24,50759.21,44409.33435000004,46140.34
2011-11-25,50690.4,46563.48570000002,48711.24
2011-11-27,20279.37,18536.429029999996,24294.256
2011-11-28,56965.73,43228.55948500003,43583.188
2011-11-29,72384.82,42192.256669999995,46864.94
2011-11-30,60025.57,41475.66235000002,44232.367
2011-12-01,52068.63,45759.94165,42133.16
2011-12-02,57476.48,49348.14299999992,54629.625
2011-12-04,24477.47,20063.45743999998,22933.408
2011-12-05,88620.84,42241.53119500005,32823.016
2011-12-06,56558.83,45927.965025,46559.797
2011-12-07,75315.55,42819.75330000002,35871.086
2011-12-08,82371.55,47243.10199999999,49401.82
2011-12-09,200900.98,48523.65854999996,49210.53
